X,Y,CENTROX,CENTROY,PM,XCOORD,YCOORD
-7.21144600328485,43.3819144788574,158957.6257,4812058.483,1,-7.211446,43.381914
-7.08805978990373,43.3799175865093,168942.8309,4811338.520,1,-7.088060,43.379918
-6.84132998434305,43.3755253941681,188909.6773,4809899.046,1,-6.841330,43.375525
-7.08522433453149,43.4699103930312,169663.3150,4821323.058,1,-7.085224,43.469910
-6.96167109655419,43.46777444172,179647.1884,4820602.072,1,-6.961671,43.467774
-6.83812936231739,43.4655031837021,189629.4522,4819881.190,1,-6.838129,43.465503
-6.9586364159484,43.5577583600022,180368.7149,4830585.260,1,-6.958636,43.557758
-6.83491115943333,43.5554812684209,190351.2602,4829863.212,1,-6.834911,43.555481
-6.71120081667887,43.5530703997362,200332.6211,4829141.306,1,-6.711201,43.553070
-6.58750623639847,43.5505257992177,210312.7976,4828419.538,1,-6.587506,43.550526
-6.47134157577911,43.3679385512595,218851.0365,4807740.839,1,-6.471342,43.367939
-6.34804637904913,43.3651441437472,228829.1134,4807021.717,1,-6.348046,43.365144
-6.2247692863515,43.3622169857934,238806.0021,4806302.728,1,-6.224769,43.362217
-6.34411616887432,43.4550907221635,229548.7621,4816999.132,1,-6.344116,43.455091
-6.22065693914914,43.4521544075189,239525.5180,4816278.956,1,-6.220657,43.452154
-6.46382826661702,43.5478475148194,220291.7897,4827697.908,1,-6.463828,43.547848
-6.34016775471431,43.5450355969938,230269.5972,4826976.413,1,-6.340168,43.545036
-6.86022471750208,42.8356167114124,184613.4993,4750003.081,1,-6.860225,42.835617
-6.73795781529335,42.8332653883316,194595.9818,4749290.708,1,-6.737958,42.833265
-6.85711131300273,42.9256053907789,185326.5423,4759986.091,1,-6.857111,42.925605
-6.73466687127787,42.9232466997471,195308.8845,4759272.520,1,-6.734667,42.923247
-6.61223759997946,42.9207571670163,205290.0296,4758559.088,1,-6.612238,42.920757
-6.97662078469344,43.017827255434,176057.3852,4770683.869,1,-6.976621,43.017827
-6.85398355485341,43.0155924701987,186040.7824,4769968.961,1,-6.853984,43.015592
-6.73136075669173,43.013226389958,196022.9843,4769254.193,1,-6.731361,43.013226
-6.60875321155387,43.010729058788,206003.9909,4768539.565,1,-6.608753,43.010729
-6.85084136488189,43.1055779481879,186756.2177,4779951.689,1,-6.850841,43.105578
-6.60173612569748,43.1906679046493,207435.4978,4788500.105,1,-6.601736,43.190668
-6.59820325188728,43.2806348553932,208153.0397,4798480.170,1,-6.598203,43.280635
-6.48982431528954,42.9181368387237,215269.9775,4757845.793,1,-6.489824,42.918137
-6.48616174015259,43.0081005229793,215983.8022,4767825.074,1,-6.486162,43.008101
-6.24103029775418,43.0024500347181,235939.8388,4766396.497,1,-6.241030,43.002450
-6.48248227122722,43.098062538116,216698.8223,4777804.218,1,-6.482482,43.098063
-6.3597287789253,43.0952942051392,226677.3034,4777088.669,1,-6.359729,43.095294
-6.23699309615144,43.0923943578787,236654.5910,4776373.253,1,-6.236993,43.092394
-6.35585258551753,43.1852458831664,227393.3822,4787066.485,1,-6.355853,43.185246
-6.23293726179317,43.1823369588665,237370.5368,4786349.877,1,-6.232937,43.182337
-6.35195848495727,43.2751958634342,228110.6529,4797044.168,1,-6.351958,43.275196
-6.22886269277745,43.2722778355626,238087.6745,4796326.369,1,-6.228863,43.272278
-6.10151113414215,43.3591571322129,248781.7027,4805583.872,1,-6.101511,43.359157
-6.09721675424204,43.449084983001,249501.0875,4815558.912,1,-6.097217,43.449085
-6.0929024890005,43.5390110749983,250221.6587,4825533.823,1,-6.092902,43.539011
-6.11427604592368,43.0893630503329,246630.6849,4775657.970,1,-6.114276,43.089363
-6.11004067247027,43.1792961635748,247346.4996,4785633.401,1,-6.110041,43.179296
-6.0163024124654,43.5359206261738,256315.0056,4825080.036,1,-6.016302,43.535921
-6.01409717926506,43.6256967123026,256856.3648,4835067.098,1,-6.014097,43.625697
-6.02286804892906,43.2663366709192,254696.3459,4795118.462,1,-6.022868,43.266337
-6.03149025486651,42.9066284853231,252550.6583,4755168.792,1,-6.031490,42.906628
-6.02934785413495,42.9965712947097,253085.7573,4765156.306,1,-6.029348,42.996571
-6.02503899048366,43.1764290402581,254158.6724,4785131.141,1,-6.025039,43.176429
-6.02719929240005,43.0865048500766,253621.6161,4775143.756,1,-6.027199,43.086505
-5.40824033661188,43.3706151687649,305000.0000,4805000.000,1,-5.408240,43.370615
-5.28491149416834,43.3731470426558,315000.0000,4805000.000,1,-5.284911,43.373147
-5.16156704197145,43.3755460170646,325000.0000,4805000.000,1,-5.161567,43.375546
-5.03820781944418,43.3778120470378,335000.0000,4805000.000,1,-5.038208,43.377812
-4.91483466664649,43.3799450901037,345000.0000,4805000.000,1,-4.914835,43.379945
-4.7914484242393,43.3819451062748,355000.0000,4805000.000,1,-4.791448,43.381945
-4.66804993344842,43.3838120580503,365000.0000,4805000.000,1,-4.668050,43.383812
-4.54464003602842,43.3855459104177,375000.0000,4805000.000,1,-4.544640,43.385546
-4.42121957422652,43.3871466308553,385000.0000,4805000.000,1,-4.421220,43.387147
-4.29778939074624,43.3886141893338,395000.0000,4805000.000,1,-4.297789,43.388614
-5.41181026815571,43.4605787515009,305000.0000,4815000.000,1,-5.411810,43.460579
-5.28829900449752,43.4631185477688,315000.0000,4815000.000,1,-5.288299,43.463119
-5.16477204506586,43.465525029313,325000.0000,4815000.000,1,-5.164772,43.465525
-5.04123023389382,43.467798150941,335000.0000,4815000.000,1,-5.041230,43.467798
-4.91767441565756,43.4699378699552,345000.0000,4815000.000,1,-4.917674,43.469938
-4.79410543563994,43.4719441461556,355000.0000,4815000.000,1,-4.794105,43.471944
-5.41539673895995,43.5505406798734,305000.0000,4825000.000,1,-5.415397,43.550541
-5.29170221072731,43.553088421801,315000.0000,4825000.000,1,-5.291702,43.553088
-4.17435032871119,43.389948558318,405000.0000,4805000.000,1,-4.174350,43.389949
-4.05090323162872,43.3911497127682,415000.0000,4805000.000,1,-4.050903,43.391150
-3.92744894335354,43.3922176301421,425000.0000,4805000.000,1,-3.927449,43.392218
-3.55705137436405,43.3946217718627,455000.0000,4805000.000,1,-3.557051,43.394622
-3.43357676553685,43.3951565654895,465000.0000,4805000.000,1,-3.433577,43.395157
-3.31009918872508,43.3955580468234,475000.0000,4805000.000,1,-3.310099,43.395558
-3.18661948910176,43.3958262083262,485000.0000,4805000.000,1,-3.186619,43.395826
-3.06313851193179,43.3959610449628,495000.0000,4805000.000,1,-3.063139,43.395961
-4.05246256122797,43.481177568278,415000.0000,4815000.000,1,-4.052463,43.481178
-3.92882515996644,43.4822488294027,425000.0000,4815000.000,1,-3.928825,43.482249
-3.80518137664784,43.4831864162625,435000.0000,4815000.000,1,-3.805181,43.483186
-3.68153206037057,43.4839903112196,445000.0000,4815000.000,1,-3.681532,43.483990
-3.55787806047333,43.4846604991495,455000.0000,4815000.000,1,-3.557878,43.484660
-3.43422022649825,43.4851969674426,465000.0000,4815000.000,1,-3.434220,43.485197
-2.93965710253532,43.3959625542013,505000.0000,4805000.000,1,-2.939657,43.395963
-2.81617610625122,43.3958307360133,515000.0000,4805000.000,1,-2.816176,43.395831
-2.69269636840048,43.3955655928739,525000.0000,4805000.000,1,-2.692696,43.395566
-2.56921873424966,43.3951671297615,535000.0000,4805000.000,1,-2.569219,43.395167
-2.44574404897424,43.3946353541576,545000.0000,4805000.000,1,-2.445744,43.394635
-1.82844442589353,43.3899772257628,595000.0000,4805000.000,1,-1.828444,43.389977
-2.81590328902225,43.4858732491237,515000.0000,4815000.000,1,-2.815903,43.485873
-5.38370639108537,42.7408239064887,305000.0000,4735000.000,1,-5.383706,42.740824
-4.28455727397063,42.7584331422542,395000.0000,4735000.000,1,-4.284557,42.758433
-5.38716304607309,42.8307990233687,305000.0000,4745000.000,1,-5.387163,42.830799
-5.14264439773826,42.8356382315639,325000.0000,4745000.000,1,-5.142644,42.835638
-5.02036322476123,42.8378621424171,335000.0000,4745000.000,1,-5.020363,42.837862
-4.77576124668877,42.841918371895,355000.0000,4745000.000,1,-4.775761,42.841918
-4.53111185292372,42.845452232175,375000.0000,4745000.000,1,-4.531112,42.845452
-5.39063562060002,42.9207724975103,305000.0000,4755000.000,1,-5.390636,42.920772
-5.02330318798673,42.9278577489135,335000.0000,4755000.000,1,-5.023303,42.927858
-4.90083084356222,42.9299577025743,345000.0000,4755000.000,1,-4.900831,42.929958
-4.77834576201988,42.9319266909066,355000.0000,4755000.000,1,-4.778346,42.931927
-4.65584876198369,42.9337646773867,365000.0000,4755000.000,1,-4.655849,42.933765
-4.41082228341247,42.9370475108173,385000.0000,4755000.000,1,-4.410822,42.937048
-4.2882944445086,42.9384922968476,395000.0000,4755000.000,1,-4.288294,42.938492
-5.39412420113747,43.0107443272418,305000.0000,4765000.000,1,-5.394124,43.010744
-5.14889392950906,43.0156139054811,325000.0000,4765000.000,1,-5.148894,43.015614
-5.02625670652537,43.017851774816,335000.0000,4765000.000,1,-5.026257,43.017852
-4.78094219594317,43.0219334660012,355000.0000,4765000.000,1,-4.780942,43.021933
-4.65826655394909,43.0237772119839,365000.0000,4765000.000,1,-4.658267,43.023777
-4.41288261443599,43.0270703333328,385000.0000,4765000.000,1,-4.412883,43.027070
-4.29017596547105,43.028519647457,395000.0000,4765000.000,1,-4.290176,43.028520
-5.39762887483268,43.1007145108953,305000.0000,4775000.000,1,-5.397629,43.100715
-5.27484228173234,43.1032227559323,315000.0000,4775000.000,1,-5.274842,43.103223
-5.15204033292687,43.1055993399984,325000.0000,4775000.000,1,-5.152040,43.105599
-5.02922385422323,43.1078442188473,335000.0000,4775000.000,1,-5.029224,43.107844
-4.9063936720474,43.1099573506758,345000.0000,4775000.000,1,-4.906394,43.109957
-4.78355061340943,43.1119386961258,355000.0000,4775000.000,1,-4.783551,43.111939
-4.66069550586838,43.1137882182868,365000.0000,4775000.000,1,-4.660696,43.113788
-4.41495245684744,43.1170916573488,385000.0000,4775000.000,1,-4.414952,43.117092
-5.40114972951528,43.1906830468068,305000.0000,4785000.000,1,-5.401150,43.190683
-5.27818321780061,43.1931991452232,315000.0000,4785000.000,1,-5.278183,43.193199
-5.15520126636039,43.1955831710266,325000.0000,4785000.000,1,-5.155201,43.195583
-5.0322047055049,43.1978350797365,335000.0000,4785000.000,1,-5.032205,43.197835
-4.90919436616934,43.1999548293284,345000.0000,4785000.000,1,-4.909194,43.199955
-4.78617107987855,43.2019423802358,355000.0000,4785000.000,1,-4.786171,43.201942
-4.6631356787116,43.2037976953529,365000.0000,4785000.000,1,-4.663136,43.203798
-4.41703186262401,43.2071114821057,385000.0000,4785000.000,1,-4.417032,43.207111
-4.29396511431343,43.2085698918494,395000.0000,4785000.000,1,-4.293965,43.208570
-5.40468685370371,43.2806499333156,305000.0000,4795000.000,1,-5.404687,43.280650
-5.28153959371875,43.2831739079699,315000.0000,4795000.000,1,-5.281540,43.283174
-5.15837680932759,43.2855653971765,325000.0000,4795000.000,1,-5.158377,43.285565
-5.03519933537909,43.2878243562192,335000.0000,4795000.000,1,-5.035199,43.287824
-4.91200800735299,43.2899507428508,345000.0000,4795000.000,1,-4.912008,43.289951
-4.7888036613243,43.2919445172949,355000.0000,4795000.000,1,-4.788804,43.291945
-4.66558713392757,43.2938056422488,365000.0000,4795000.000,1,-4.665587,43.293806
-4.54235926232112,43.2955340828852,375000.0000,4795000.000,1,-4.542359,43.295534
-4.41912088415117,43.2971298068542,385000.0000,4795000.000,1,-4.419121,43.297130
-4.29587283751596,43.2985927842851,395000.0000,4795000.000,1,-4.295873,43.298593
-3.91799121802731,42.7619585206509,425000.0000,4735000.000,1,-3.917991,42.761959
-3.67358194675823,42.7636569548334,445000.0000,4735000.000,1,-3.673582,42.763657
-3.91932372548599,42.8519998952511,425000.0000,4745000.000,1,-3.919324,42.852000
-3.30738204798036,42.8552781889788,475000.0000,4745000.000,1,-3.307382,42.855278
-3.18498427795233,42.8555413630969,485000.0000,4745000.000,1,-3.184984,42.855541
-3.0625852715531,42.8556736919663,495000.0000,4745000.000,1,-3.062585,42.855674
-4.165757966304,42.9398059591886,405000.0000,4755000.000,1,-4.165758,42.939806
-4.04321366959834,42.9409884734538,415000.0000,4755000.000,1,-4.043214,42.940988
-3.9206623755225,42.9420398176886,425000.0000,4755000.000,1,-3.920662,42.942040
-3.79810490550386,42.9429599723718,435000.0000,4755000.000,1,-3.798105,42.942960
-3.67554208123155,42.9437489204164,445000.0000,4755000.000,1,-3.675542,42.943749
-3.55297472462165,42.9444066471708,455000.0000,4755000.000,1,-3.552975,42.944407
-3.30782970297926,42.9453283903835,475000.0000,4755000.000,1,-3.307830,42.945328
-3.18525368260028,42.9455923897215,485000.0000,4755000.000,1,-3.185254,42.945592
-3.06267641912099,42.9457251335296,495000.0000,4755000.000,1,-3.062676,42.945725
-4.16746063010048,43.0298374271218,405000.0000,4765000.000,1,-4.167461,43.029837
-3.92200720155877,43.0320782874567,425000.0000,4765000.000,1,-3.922007,43.032078
-3.79927075989665,43.0330013264319,435000.0000,4765000.000,1,-3.799271,43.033001
-3.67652893477686,43.0337927475602,445000.0000,4765000.000,1,-3.676529,43.033793
-3.55378255259689,43.0344525361125,455000.0000,4765000.000,1,-3.553783,43.034453
-3.43103243994824,43.0349806798087,465000.0000,4765000.000,1,-3.431032,43.034981
-3.30827942358123,43.0353771688182,475000.0000,4765000.000,1,-3.308279,43.035377
-3.18552433036975,43.0356419957607,485000.0000,4765000.000,1,-3.185524,43.035642
-3.06276798727616,43.0357751557067,495000.0000,4765000.000,1,-3.062768,43.035775
-4.16917115510139,43.1198674216015,405000.0000,4775000.000,1,-4.169171,43.119867
-4.04626823318478,43.1210573594565,415000.0000,4775000.000,1,-4.046268,43.121057
-3.80044199779847,43.1230412356881,435000.0000,4775000.000,1,-3.800442,43.123041
-3.67752034542764,43.1238351370685,445000.0000,4775000.000,1,-3.677520,43.123835
-3.55459411108011,43.1244969933953,455000.0000,4775000.000,1,-3.554594,43.124497
-3.43166412586579,43.1250267923236,465000.0000,4775000.000,1,-3.431664,43.125027
-3.30873122105494,43.1254245239707,475000.0000,4775000.000,1,-3.308731,43.125425
-3.18579622804263,43.1256901809172,485000.0000,4775000.000,1,-3.185796,43.125690
-3.06285997831317,43.1258237582075,495000.0000,4775000.000,1,-3.062860,43.125824
-4.04780610682824,43.2110896078474,415000.0000,4785000.000,1,-4.047806,43.211090
-3.67851633810074,43.2138760885549,445000.0000,4785000.000,1,-3.678516,43.213876
-3.55540942046963,43.2145400186697,455000.0000,4785000.000,1,-3.555409,43.214540
-3.43229873141333,43.2150714776441,465000.0000,4785000.000,1,-3.432299,43.215071
-3.30918510675754,43.2154704555429,475000.0000,4785000.000,1,-3.309185,43.215470
-3.18606938245401,43.2157369449076,485000.0000,4785000.000,1,-3.186069,43.215737
-3.06295239454457,43.2158709407561,495000.0000,4785000.000,1,-3.062952,43.215871
-4.04935109328718,43.3011203924567,415000.0000,4795000.000,1,-4.049351,43.301120
-3.80280074209426,43.3031167180808,435000.0000,4795000.000,1,-3.802801,43.303117
-3.43293627259398,43.3051147354636,465000.0000,4795000.000,1,-3.432936,43.305115
-3.30964109213542,43.3055149632506,475000.0000,4795000.000,1,-3.309641,43.305515
-3.1863438004927,43.3057822874624,485000.0000,4795000.000,1,-3.186344,43.305782
-3.06304523830108,43.3059167030905,495000.0000,4795000.000,1,-3.063045,43.305917
-1.84539326049175,42.4896543237943,595000.0000,4705000.000,1,-1.845393,42.489654
-2.69670770198447,42.5851263867061,525000.0000,4715000.000,1,-2.696708,42.585126
-2.57484175924186,42.5847389918221,535000.0000,4715000.000,1,-2.574842,42.584739
-2.45297862446344,42.584221987292,545000.0000,4715000.000,1,-2.452979,42.584222
-2.69627015727212,42.6751808780336,525000.0000,4725000.000,1,-2.696270,42.675181
-2.57422841567691,42.6747922674637,535000.0000,4725000.000,1,-2.574228,42.674792
-2.45218949721901,42.6742736405425,545000.0000,4725000.000,1,-2.452189,42.674274
-2.33015421092046,42.6736250068413,555000.0000,4725000.000,1,-2.330154,42.673625
-1.84206556172534,42.6697306796048,595000.0000,4725000.000,1,-1.842066,42.669731
-2.57361224896668,42.7648441177412,535000.0000,4735000.000,1,-2.573612,42.764844
-2.45139673780139,42.7643238637859,545000.0000,4735000.000,1,-2.451397,42.764324
-2.32918487846804,42.763673195232,555000.0000,4735000.000,1,-2.329185,42.763673
-2.20697748421637,42.7628921241127,565000.0000,4735000.000,1,-2.206977,42.762892
-2.08477536810831,42.7619806648716,575000.0000,4735000.000,1,-2.084775,42.761981
-1.84039022142702,42.759766651847,595000.0000,4735000.000,1,-1.840390,42.759767
-2.81778682196224,42.855545806573,515000.0000,4745000.000,1,-2.817787,42.855546
-2.69538901494085,42.8552855946807,525000.0000,4745000.000,1,-2.695389,42.855286
-2.57299324381961,42.8548945422802,535000.0000,4745000.000,1,-2.572993,42.854895
-2.45060032653776,42.8543726566195,545000.0000,4745000.000,1,-2.450600,42.854373
-2.32821108091405,42.8537199473711,555000.0000,4745000.000,1,-2.328211,42.853720
-2.20582632461216,42.8529364266315,565000.0000,4745000.000,1,-2.205826,42.852936
-2.08344687510621,42.8520221089206,575000.0000,4745000.000,1,-2.083447,42.852022
-1.96107354964632,42.8509770111805,585000.0000,4745000.000,1,-1.961074,42.850977
-1.83870716522409,42.8498011527752,595000.0000,4745000.000,1,-1.838707,42.849801
-2.94009873506968,42.9457266193421,505000.0000,4755000.000,1,-2.940099,42.945727
-2.81752145299248,42.9455968471313,515000.0000,4755000.000,1,-2.817521,42.945597
-2.69494539541845,42.9453358193077,525000.0000,4755000.000,1,-2.694945,42.945336
-2.57237138482476,42.9449435407199,535000.0000,4755000.000,1,-2.572371,42.944944
-2.44980024360173,42.944420018654,545000.0000,4755000.000,1,-2.449800,42.944420
-2.32723279401805,42.9437652628336,555000.0000,4755000.000,1,-2.327233,42.943765
-2.20466985818589,42.942979285419,565000.0000,4755000.000,1,-2.204670,42.942979
-2.08211225802607,42.9420621010067,575000.0000,4755000.000,1,-2.082112,42.942062
-1.95956081523323,42.9410137266284,585000.0000,4755000.000,1,-1.959561,42.941014
-1.83701635124107,42.9398341817502,595000.0000,4755000.000,1,-1.837016,42.939834
-2.94001122131602,43.0357766461772,505000.0000,4765000.000,1,-2.940011,43.035777
-2.81725485952289,43.0356464671444,515000.0000,4765000.000,1,-2.817255,43.035646
-2.69449972891312,43.0353846210317,525000.0000,4765000.000,1,-2.694500,43.035385
-2.57174665645065,43.0349911127132,535000.0000,4765000.000,1,-2.571747,43.034991
-2.4489964690118,43.0344659495135,545000.0000,4765000.000,1,-2.448996,43.034466
-2.32624999335005,43.0338091412076,555000.0000,4765000.000,1,-2.326250,43.033809
-2.20350805606087,43.0330207000202,565000.0000,4765000.000,1,-2.203508,43.033021
-2.08077148354657,43.0321006406248,575000.0000,4765000.000,1,-2.080771,43.032101
-1.95804110198114,43.0310489801431,585000.0000,4765000.000,1,-1.958041,43.031049
-1.83531773727514,43.0298657381442,595000.0000,4765000.000,1,-1.835318,43.029866
-2.93992330340462,43.1258252533495,505000.0000,4775000.000,1,-2.939923,43.125825
-2.81698703487318,43.1256946663154,515000.0000,4775000.000,1,-2.816987,43.125695
-2.69405200425772,43.1254319995411,525000.0000,4775000.000,1,-2.694052,43.125432
-2.57111904304418,43.1250372579267,535000.0000,4775000.000,1,-2.571119,43.125037
-2.20234088913417,43.1230606699929,565000.0000,4775000.000,1,-2.202341,43.123061
-2.07942451808542,43.1221377272818,575000.0000,4775000.000,1,-2.079425,43.122138
-1.95651437183086,43.1210827711737,585000.0000,4775000.000,1,-1.956514,43.121083
-1.83361128079301,43.1198958213412,595000.0000,4775000.000,1,-1.833611,43.119896
-2.93983497912531,43.2158724405833,505000.0000,4785000.000,1,-2.939835,43.215872
-2.81671797231066,43.215741444361,515000.0000,4785000.000,1,-2.816718,43.215741
-2.69360221019752,43.2154779545382,525000.0000,4785000.000,1,-2.693602,43.215478
-2.57048852882936,43.2150819760409,535000.0000,4785000.000,1,-2.570489,43.215082
-2.44737776416033,43.2145535162717,545000.0000,4785000.000,1,-2.447378,43.214554
-2.2011683280746,43.213099194908,565000.0000,4785000.000,1,-2.201168,43.213099
-2.07807132779689,43.2121733604976,575000.0000,4785000.000,1,-2.078071,43.212173
-1.95498058642467,43.2111150991815,585000.0000,4785000.000,1,-1.954981,43.211115
-1.83189693892781,43.2099244307366,595000.0000,4785000.000,1,-1.831897,43.209924
-2.93974624625056,43.3059182076164,505000.0000,4795000.000,1,-2.939746,43.305918
-2.81644766504969,43.305786801012,515000.0000,4795000.000,1,-2.816448,43.305787
-2.69315033538928,43.3055224857391,525000.0000,4795000.000,1,-2.693150,43.305522
-2.56985509790623,43.3051252667499,535000.0000,4795000.000,1,-2.569855,43.305125
-2.44656279314727,43.3045951514863,545000.0000,4795000.000,1,-2.446563,43.304595
-2.32327426153274,43.3039321498794,555000.0000,4795000.000,1,-2.323274,43.303932
-2.19999034332041,43.3031362743493,565000.0000,4795000.000,1,-2.199990,43.303136
-2.07671187856929,43.3022075398043,575000.0000,4795000.000,1,-2.076712,43.302208
-1.95343970710344,43.3011459636398,585000.0000,4795000.000,1,-1.953440,43.301146
-1.83017466847587,43.2999515657376,595000.0000,4795000.000,1,-1.830175,43.299952
-0.994015232004525,42.4779121658579,665000.0000,4705000.000,1,-0.994015,42.477912
-0.750870998921134,42.4733966800236,685000.0000,4705000.000,1,-0.750871,42.473397
-0.629320636091787,42.47094569592,695000.0000,4705000.000,1,-0.629321,42.470946
-1.60008287347322,42.5769749858478,615000.0000,4715000.000,1,-1.600083,42.576975
-1.23467864199513,42.5719266866582,645000.0000,4715000.000,1,-1.234679,42.571927
-0.991132711969594,42.5679142331354,665000.0000,4715000.000,1,-0.991133,42.567914
-0.747639771008257,42.5633845818594,685000.0000,4715000.000,1,-0.747640,42.563385
-1.59806405027671,42.6670039003938,615000.0000,4725000.000,1,-1.598064,42.667004
-1.47607682466762,42.6654456886212,625000.0000,4725000.000,1,-1.476077,42.665446
-1.23213346793687,42.6619397644145,645000.0000,4725000.000,1,-1.232133,42.661940
-1.11017894923099,42.6599921166175,655000.0000,4725000.000,1,-1.110179,42.659992
-0.744393695968452,42.6533708683832,685000.0000,4725000.000,1,-0.744394,42.653371
-1.71820881573149,42.7584641389961,605000.0000,4735000.000,1,-1.718209,42.758464
-1.10744593085167,42.7499975465516,655000.0000,4735000.000,1,-1.107446,42.749998
-0.985327857953581,42.7479136414327,665000.0000,4735000.000,1,-0.985328,42.747914
-0.863223175990258,42.7456996249717,675000.0000,4735000.000,1,-0.863223,42.745700
-0.741132693710561,42.7433555380472,685000.0000,4735000.000,1,-0.741133,42.743356
-0.619057219268015,42.7408814239301,695000.0000,4735000.000,1,-0.619057,42.740881
-1.71634853853817,42.8484945554893,605000.0000,4745000.000,1,-1.716349,42.848495
-1.59399848595991,42.8470572435262,615000.0000,4745000.000,1,-1.593998,42.847057
-1.47165782349894,42.8454892435077,625000.0000,4745000.000,1,-1.471658,42.845489
-1.34932736676886,42.843790584472,635000.0000,4745000.000,1,-1.349327,42.843791
-1.22700793095296,42.841961297872,645000.0000,4745000.000,1,-1.227008,42.841961
-1.10470033076999,42.840001417574,655000.0000,4745000.000,1,-1.104700,42.840001
-0.982405380439962,42.8379109798552,665000.0000,4745000.000,1,-0.982405,42.837911
-0.860123893649996,42.8356900234023,675000.0000,4745000.000,1,-0.860124,42.835690
-0.737856683520306,42.8333385893091,685000.0000,4745000.000,1,-0.737857,42.833339
-0.615604562570124,42.8308567210741,695000.0000,4745000.000,1,-0.615605,42.830857
-1.71447968718756,42.9385234882715,605000.0000,4755000.000,1,-1.714480,42.938523
-1.59195164388024,42.9370816705235,615000.0000,4755000.000,1,-1.591952,42.937082
-1.46943304176153,42.9355087552685,625000.0000,4755000.000,1,-1.469433,42.935509
-1.34692470087402,42.9338047716977,635000.0000,4755000.000,1,-1.346925,42.933805
-1.22442744082594,42.93196975143,645000.0000,4755000.000,1,-1.224427,42.931970
-1.10194208075655,42.9300037285102,655000.0000,4755000.000,1,-1.101942,42.930004
-0.979469439301631,42.9279067394068,665000.0000,4755000.000,1,-0.979469,42.927907
-0.857010334559074,42.9256788230105,675000.0000,4755000.000,1,-0.857010,42.925679
-0.734565584054415,42.9233200206315,685000.0000,4755000.000,1,-0.734566,42.923320
-1.71260221504057,43.0285509366431,605000.0000,4765000.000,1,-1.712602,43.028551
-1.58989536055589,43.0271046000997,615000.0000,4765000.000,1,-1.589895,43.027105
-1.4671979987309,43.0255267554176,625000.0000,4765000.000,1,-1.467198,43.025527
-1.34451095407185,43.0238174319421,635000.0000,4765000.000,1,-1.344511,43.023817
-1.22183505064645,43.0219766614593,645000.0000,4765000.000,1,-1.221835,43.021977
-1.09917111204899,43.0200044781936,655000.0000,4765000.000,1,-1.099171,43.020004
-0.976519961365493,43.0179009188061,665000.0000,4765000.000,1,-0.976520,43.017901
-1.71071607509298,43.1185768999157,605000.0000,4775000.000,1,-1.710716,43.118577
-1.58782958451513,43.1171260314866,615000.0000,4775000.000,1,-1.587830,43.117126
-1.46495263847169,43.1155432430998,625000.0000,4775000.000,1,-1.464953,43.115543
-1.34208606596746,43.1138285642561,635000.0000,4775000.000,1,-1.342086,43.113829
-1.70882121997193,43.2086013774116,605000.0000,4785000.000,1,-1.708821,43.208601
-1.58575426388267,43.2071459639264,615000.0000,4785000.000,1,-1.585754,43.207146
-1.46269690460997,43.2055582174699,625000.0000,4785000.000,1,-1.462697,43.205558
-1.33964997569247,43.2038381676993,635000.0000,4785000.000,1,-1.339650,43.203838
-1.70691760193244,43.2986243684646,605000.0000,4795000.000,1,-1.706918,43.298624
-1.58366934637574,43.2971643966716,615000.0000,4795000.000,1,-1.583669,43.297164
-1.4604307403291,43.2955716776922,625000.0000,4795000.000,1,-1.460431,43.295572
-1.33720262190061,43.2938462413406,635000.0000,4795000.000,1,-1.337203,43.293846
-3.06152349518402,41.7749458058287,495000.0000,4625000.000,1,-3.061523,41.774946
-3.30259103600523,41.8646321606329,475000.0000,4635000.000,1,-3.302591,41.864632
-3.1821009850243,41.8648864106534,485000.0000,4635000.000,1,-3.182101,41.864886
-3.0616097683509,41.8650142522918,495000.0000,4635000.000,1,-3.061610,41.865014
-3.42367428182589,41.9543161387468,465000.0000,4645000.000,1,-3.423674,41.954316
-3.18235714820937,41.9549530400879,485000.0000,4645000.000,1,-3.182357,41.954953
-3.06169643591508,41.9550812839443,495000.0000,4645000.000,1,-3.061696,41.955081
-3.1826144832883,42.0450182531315,485000.0000,4655000.000,1,-3.182614,42.045018
-3.06178349996774,42.0451469003277,495000.0000,4655000.000,1,-3.061783,42.045147
-3.18287299648947,42.135082049333,485000.0000,4665000.000,1,-3.182873,42.135082
-3.06187096261613,42.1352111009976,495000.0000,4665000.000,1,-3.061871,42.135211
-3.30430537149207,42.2248869651077,475000.0000,4675000.000,1,-3.304305,42.224887
-3.18313269408923,42.2251444282552,485000.0000,4675000.000,1,-3.183133,42.225144
-3.06195882598379,42.2252738855235,495000.0000,4675000.000,1,-3.061959,42.225274
-3.42608217956064,42.3145604419936,465000.0000,4685000.000,1,-3.426082,42.314560
-3.30473887553792,42.3149471174005,475000.0000,4685000.000,1,-3.304739,42.314947
-3.1833935824124,42.3152053894748,485000.0000,4685000.000,1,-3.183394,42.315205
-3.06204709221061,42.3153352534892,495000.0000,4685000.000,1,-3.062047,42.315335
-3.30517436871305,42.4050058492961,475000.0000,4695000.000,1,-3.305174,42.405006
-3.1836556678327,42.4052649325825,485000.0000,4695000.000,1,-3.183656,42.405265
-3.06213576345305,42.4053952044921,495000.0000,4695000.000,1,-3.062136,42.405395
-2.82087810079468,41.774822644619,515000.0000,4625000.000,1,-2.820878,41.774823
-1.97869547123992,41.7704226120877,585000.0000,4625000.000,1,-1.978695,41.770423
-1.858403574556,41.7692901839359,595000.0000,4625000.000,1,-1.858404,41.769290
-1.97726361919941,41.860476823347,585000.0000,4635000.000,1,-1.977264,41.860477
-1.85680316001577,41.8593408315779,595000.0000,4635000.000,1,-1.856803,41.859341
-2.94103532714753,41.9550827193868,505000.0000,4645000.000,1,-2.941035,41.955083
-2.82037459732276,41.9549573463891,515000.0000,4645000.000,1,-2.820375,41.954957
-2.69971502184142,41.9547051672273,525000.0000,4645000.000,1,-2.699715,41.954705
-2.57905737605734,41.9543261864786,535000.0000,4645000.000,1,-2.579057,41.954326
-2.45840243524604,41.9538204110224,545000.0000,4645000.000,1,-2.458402,41.953820
-2.33775097457327,41.9531878500387,555000.0000,4645000.000,1,-2.337751,41.953188
-2.94095211806663,42.0451483402849,505000.0000,4655000.000,1,-2.940952,42.045148
-2.82012111712223,42.0450225729769,515000.0000,4655000.000,1,-2.820121,42.045023
-2.69929127665625,42.0447696006912,525000.0000,4655000.000,1,-2.699291,42.044770
-2.57846337614313,42.0443894280293,535000.0000,4655000.000,1,-2.578463,42.044389
-2.45763819497827,42.043882061906,545000.0000,4655000.000,1,-2.457638,42.043882
-2.33681651244629,42.0432475115494,555000.0000,4655000.000,1,-2.336817,42.043248
-2.81986647644753,42.1350863827605,515000.0000,4665000.000,1,-2.819866,42.135086
-2.69886559151698,42.1348326151319,525000.0000,4665000.000,1,-2.698866,42.134833
-2.57786665687393,42.1344512472219,535000.0000,4665000.000,1,-2.577867,42.134451
-2.4568704560654,42.1339422859813,545000.0000,4665000.000,1,-2.456870,42.133942
-2.9407845550344,42.2252753345483,505000.0000,4675000.000,1,-2.940785,42.225275
-2.81961066911629,42.2251487753028,515000.0000,4675000.000,1,-2.819611,42.225149
-2.69843795608885,42.2248942100988,525000.0000,4675000.000,1,-2.698438,42.224894
-1.97147041861004,42.22067911773,585000.0000,4675000.000,1,-1.971470,42.220679
-2.94070019700844,42.3153367070668,505000.0000,4685000.000,1,-2.940700,42.315337
-2.81935368889846,42.315209750181,515000.0000,4685000.000,1,-2.819354,42.315210
-2.69800835995729,42.3149543851554,525000.0000,4685000.000,1,-2.698008,42.314954
-2.57666500221296,42.3145706166639,535000.0000,4685000.000,1,-2.576665,42.314571
-2.45532440761218,42.3140584517301,545000.0000,4685000.000,1,-2.455324,42.314058
-1.73811895385857,41.7680318439183,605000.0000,4625000.000,1,-1.738119,41.768032
-1.73635001528821,41.8580785318602,605000.0000,4635000.000,1,-1.736350,41.858079
-0.996884575490282,42.3879085249041,665000.0000,4695000.000,1,-0.996885,42.387909
-0.754087459180941,42.3834071644282,685000.0000,4695000.000,1,-0.754087,42.383407
-4.48056600345453,40.6845355546761,375000.0000,4505000.000,1,-4.480566,40.684536
-4.36226109687517,40.6859923746061,385000.0000,4505000.000,1,-4.362261,40.685992
-4.24394789886684,40.6873279977311,395000.0000,4505000.000,1,-4.243948,40.687328
-4.24562666462643,40.7773922294039,395000.0000,4515000.000,1,-4.245627,40.777392
-4.1256271286484,40.6885424004887,405000.0000,4505000.000,1,-4.125627,40.688542
-4.00729950572925,40.6896355614524,415000.0000,4505000.000,1,-4.007300,40.689636
-4.12714630168403,40.7786104735395,405000.0000,4515000.000,1,-4.127146,40.778610
-4.008659050829,40.7797070924904,415000.0000,4515000.000,1,-4.008659,40.779707
-3.8901656355294,40.7806820668686,425000.0000,4515000.000,1,-3.890166,40.780682
-4.01002476042762,40.8697771782845,415000.0000,4525000.000,1,-4.010025,40.869777
-3.89137096196543,40.870755235377,425000.0000,4525000.000,1,-3.891371,40.870755
-3.7727116947362,40.8716112460564,435000.0000,4525000.000,1,-3.772712,40.871611
-3.8925817572182,40.9608269660605,425000.0000,4535000.000,1,-3.892582,40.960827
-3.77376135115051,40.9616856820877,435000.0000,4535000.000,1,-3.773761,40.961686
-3.89379804952766,41.050897258134,425000.0000,4545000.000,1,-3.893798,41.050897
-3.77481577321796,41.0517586867872,435000.0000,4545000.000,1,-3.774816,41.051759
-3.65582870663104,41.0524972814045,445000.0000,4545000.000,1,-3.655829,41.052497
-3.53683758513643,41.0531130288476,455000.0000,4545000.000,1,-3.536838,41.053113
-3.65672528873536,41.1425711862004,445000.0000,4555000.000,1,-3.656725,41.142571
-3.5375715159137,41.1431888779432,455000.0000,4555000.000,1,-3.537572,41.143189
-3.41841440648639,41.1436833236441,465000.0000,4555000.000,1,-3.418414,41.143683
-3.29925469992762,41.1440545144894,475000.0000,4555000.000,1,-3.299255,41.144055
-3.53830878333201,41.2332633058434,455000.0000,4565000.000,1,-3.538309,41.233263
-3.41898826587285,41.2337593121456,465000.0000,4565000.000,1,-3.418988,41.233759
-3.29966513777201,41.2341316745826,475000.0000,4565000.000,1,-3.299665,41.234132
-3.41956473593147,41.3238338830585,465000.0000,4575000.000,1,-3.419565,41.323834
-3.18058827283422,41.3244569168668,485000.0000,4575000.000,1,-3.180588,41.324457
-3.0610979732254,41.3245823683807,495000.0000,4575000.000,1,-3.061098,41.324582
-3.53979339764925,41.4134078955368,455000.0000,4585000.000,1,-3.539793,41.413408
-3.18083753281888,41.4145320343887,485000.0000,4585000.000,1,-3.180838,41.414532
-3.4207255626207,41.5039787697538,465000.0000,4595000.000,1,-3.420726,41.503979
-4.36043106879434,40.5959308925989,385000.0000,4495000.000,1,-4.360431,40.595931
-4.24227670538103,40.5972623022842,395000.0000,4495000.000,1,-4.242277,40.597262
-4.12411480837232,40.5984728738671,405000.0000,4495000.000,1,-4.124115,40.598473
-0.703512764949412,40.4009528490705,695000.0000,4475000.000,1,-0.703513,40.400953
-0.700445291466326,40.4909702435755,695000.0000,4485000.000,1,-0.700445,40.490970
-0.697363944879491,40.5809860408797,695000.0000,4495000.000,1,-0.697364,40.580986
-5.96712356403201,42.7267226239759,257099.6840,4735000.000,1,-5.967124,42.726723
-5.96924786454477,42.8166781441131,257277.3464,4745000.000,1,-5.969248,42.816678
-5.9713824581865,42.906629390824,257455.6388,4755000.000,1,-5.971382,42.906629
-5.98660001859703,43.5359210882395,258710.5077,4825000.000,1,-5.986600,43.535921
-5.98220315231544,43.3562281277115,258350.5850,4805000.000,1,-5.982203,43.356228
-5.98002153937578,43.2663373151685,258170.8763,4795000.000,1,-5.980022,43.266337
-5.97784633687062,43.1764297679409,257991.7478,4785000.000,1,-5.977846,43.176430
-5.9756818274071,43.0865056413235,257812.6192,4775000.000,1,-5.975682,43.086506
-5.97352905561431,42.9965721063685,257633.9312,4765000.000,1,-5.973529,42.996572
-0.03563810789953,42.7267941970224,742900.3160,4735000.000,1,-0.035638,42.726794
-0.037751804266661,42.6368316813958,743077.7688,4725000.000,1,-0.037752,42.636832
-0.039852720954025,42.5468641486691,743255.2216,4715000.000,1,-0.039853,42.546864
-0.044030005322576,42.3669191434123,743608.4633,4695000.000,1,-0.044030,42.366919
-5.90138284469532,43.3591596641691,265000.0000,4805000.000,1,-5.901383,43.359160
-5.77812482150045,43.362222636908,275000.0000,4805000.000,1,-5.778125,43.362223
-5.65484783794708,43.3651529147446,285000.0000,4805000.000,1,-5.654848,43.365153
-5.53155273055192,43.3679504428246,295000.0000,4805000.000,1,-5.531553,43.367950
-5.5353049926867,43.4579056881942,295000.0000,4815000.000,1,-5.535305,43.457906
-5.90568150892824,43.4490874102201,265000.0000,4815000.000,1,-5.905682,43.449087
-5.78224145456573,43.4521599636502,275000.0000,4815000.000,1,-5.782241,43.452160
-5.65878233545223,43.4550994080234,285000.0000,4815000.000,1,-5.658782,43.455099
-5.91000007834424,43.5390133966668,265000.0000,4825000.000,1,-5.910000,43.539013
-5.78637715253295,43.542095558911,275000.0000,4825000.000,1,-5.786377,43.542096
-5.66273505675453,43.5450441967366,285000.0000,4825000.000,1,-5.662735,43.545044
-5.7905320206194,43.632029420568,275000.0000,4835000.000,1,-5.790532,43.632029
-5.8971039766774,43.2692301608078,265000.0000,4795000.000,1,-5.897104,43.269230
-5.7740271489435,43.2722835808064,275000.0000,4795000.000,1,-5.774027,43.272284
-5.65093146442771,43.2752047188574,285000.0000,4795000.000,1,-5.650931,43.275205
-5.52781775510015,43.2779935203961,295000.0000,4795000.000,1,-5.527818,43.277994
-5.8928447967578,43.1792989024286,265000.0000,4785000.000,1,-5.892845,43.179299
-5.7699483333171,43.1823427974671,275000.0000,4785000.000,1,-5.769948,43.182343
-5.64703311586301,43.1852548223204,285000.0000,4785000.000,1,-5.647033,43.185255
-5.52409997185432,43.1880349227111,295000.0000,4785000.000,1,-5.524100,43.188035
-5.88860519766314,43.0893658913226,265000.0000,4775000.000,1,-5.888605,43.089366
-5.64315269399475,43.095303227093,285000.0000,4775000.000,1,-5.643153,43.095303
-5.52039928707489,43.0980746515741,295000.0000,4775000.000,1,-5.520399,43.098075
-5.76184686257797,43.0024560575626,275000.0000,4765000.000,1,-5.761847,43.002456
-5.63929010133024,43.0053499351362,285000.0000,4765000.000,1,-5.639290,43.005350
-5.88018431702409,42.9094946200886,265000.0000,4755000.000,1,-5.880184,42.909495
-5.63544524113512,42.9153949484122,285000.0000,4755000.000,1,-5.635445,42.915395
-5.51304884160275,42.9181490961751,295000.0000,4755000.000,1,-5.513049,42.918149
-5.87600282507831,42.8195563645374,265000.0000,4745000.000,1,-5.876003,42.819556
-5.63161801742621,42.8254382688846,285000.0000,4745000.000,1,-5.631618,42.825438
-5.87184049313919,42.7296163654132,265000.0000,4735000.000,1,-5.871840,42.729616
-5.50576568325428,42.7382168686871,295000.0000,4735000.000,1,-5.505766,42.738217
-5.74586573561573,42.6426619442691,275000.0000,4725000.000,1,-5.745866,42.642662
-5.62401609924801,42.6455198392822,285000.0000,4725000.000,1,-5.624016,42.645520
-5.50214911004228,42.6482482574489,295000.0000,4725000.000,1,-5.502149,42.648248
-5.74191608525773,42.5527091296872,275000.0000,4715000.000,1,-5.741916,42.552709
-5.62024121650514,42.5555580931434,285000.0000,4715000.000,1,-5.620241,42.555558
-5.4985490879618,42.5582779836415,295000.0000,4715000.000,1,-5.498549,42.558278
-0.357364615882818,40.213402645947,725000.0000,4455000.000,1,-0.357365,40.213403
-0.239981276997058,40.2106612275032,735000.0000,4455000.000,1,-0.239981,40.210661
-0.353858403858646,40.3033994242921,725000.0000,4465000.000,1,-0.353858,40.303399
-0.23631979518425,40.3006493181564,735000.0000,4465000.000,1,-0.236320,40.300649
-0.58577255381316,40.3985531512978,705000.0000,4475000.000,1,-0.585773,40.398553
-0.468046849957596,40.3960337024414,715000.0000,4475000.000,1,-0.468047,40.396034
-0.582548175972079,40.4885629475267,705000.0000,4485000.000,1,-0.582548,40.488563
-0.464665641653375,40.4860355218005,715000.0000,4485000.000,1,-0.464666,40.486036
-0.493368342683791,42.8282444645985,705000.0000,4745000.000,1,-0.493368,42.828244
-0.371148835076871,42.8255018681831,715000.0000,4745000.000,1,-0.371149,42.825502
-0.248946850262336,42.822628982526,725000.0000,4745000.000,1,-0.248947,42.822629
-0.126763198016865,42.8196258607198,735000.0000,4745000.000,1,-0.126763,42.819626
-0.496997560187212,42.7382773282813,705000.0000,4735000.000,1,-0.496998,42.738277
-0.374954523330223,42.735543299149,715000.0000,4735000.000,1,-0.374955,42.735543
-0.252928914863109,42.732679386966,725000.0000,4735000.000,1,-0.252929,42.732679
-0.13092154022251,42.7296856445475,735000.0000,4735000.000,1,-0.130922,42.729686
-0.500610155360367,42.6483085281149,705000.0000,4725000.000,1,-0.500610,42.648309
-0.378742783081678,42.6455830418108,715000.0000,4725000.000,1,-0.378743,42.645583
-0.256892745519833,42.6427280774954,725000.0000,4725000.000,1,-0.256893,42.642728
-0.135060843804802,42.6397436877077,735000.0000,4725000.000,1,-0.135061,42.639744
-0.504206217563793,42.5583380659168,705000.0000,4715000.000,1,-0.504206,42.558338
-0.382513708005323,42.5556210981341,715000.0000,4715000.000,1,-0.382514,42.555621
0.262118561583747,42.4628264102401,768323.5082,4706533.186,1,0.262119,42.462826
0.136529982353675,42.549803181779,757639.0736,4715802.646,1,0.136530,42.549803
0.258187105947335,42.5527810605927,767615.9553,4716510.735,1,0.258187,42.552781
0.379862285483711,42.5556299181961,777594.0414,4717218.957,1,0.379862,42.555630
0.501554724162069,42.5583497022229,787573.3319,4717927.313,1,0.501555,42.558350
0.132405799410855,42.6397467869092,756930.4477,4725778.859,1,0.132406,42.639747
0.254237594134036,42.6427340005231,766907.1981,4726488.152,1,0.254238,42.642734
0.376087542239798,42.6455917892987,776885.1510,4727197.578,1,0.376088,42.645592
0.497954842498753,42.6483201006808,786864.3065,4727907.137,1,0.497955,42.648320
0.128262662496159,42.7296886528649,756220.6193,4735754.942,1,0.128263,42.729689
0.748223219836463,42.4734139960649,808243.6220,4709362.064,1,0.748223,42.473414
0.869788332379913,42.4757389760232,818226.6657,4710069.628,1,0.869788,42.475739
0.991367434709113,42.4779351005541,828210.9155,4710777.333,1,0.991367,42.477935
1.11295973088271,42.4800023293527,838196.3714,4711485.180,1,1.112960,42.480002
1.23456442463102,42.4819406244148,848183.0333,4712193.173,1,1.234564,42.481941
1.35618071905329,42.4837499503254,858170.9012,4712901.312,1,1.356181,42.483750
1.47780781691264,42.4854302737259,868159.9752,4713609.600,1,1.477808,42.485430
1.59944492035072,42.486981563736,878150.2553,4714318.038,1,1.599445,42.486982
0.744988187890242,42.5634018525168,807535.5257,4719344.434,1,0.744988,42.563402
0.866727616035425,42.5657341258483,817518.4291,4720053.203,1,0.866728,42.565734
0.988481109041014,42.5679371400612,827502.5367,4720762.113,1,0.988481,42.567937
1.11024786710887,42.5700108545471,837487.8487,4721471.166,1,1.110248,42.570011
1.23202708952928,42.5719552312706,847474.3648,4722180.364,1,1.232027,42.571955
1.35381797493839,42.5737702344398,857462.0853,4722889.708,1,1.353818,42.573770
1.47561972201972,42.5754558306079,867451.0100,4723599.201,1,1.475620,42.575456
0.619838693033882,42.6509188845379,796844.6646,4728616.832,1,0.619839,42.650919
0.741738291431109,42.6533880929917,806826.2251,4729326.665,1,0.741738,42.653388
0.863652834476565,42.6557276804773,816808.9882,4730036.637,1,0.863653,42.655728
0.985581518518648,42.6579376038964,826792.9537,4730746.750,1,0.985582,42.657938
1.10752353907077,42.6600178225871,836778.1217,4731457.007,1,1.107524,42.660018
1.35144436927625,42.6637889949167,856752.0651,4732877.956,1,1.351444,42.663789
0.616398013748917,42.7408957667096,796134.3000,4738597.721,1,0.616398,42.740896
0.738473450211802,42.743372716,806115.7220,4739308.756,1,0.738473,42.743373
0.860563912133538,42.7457196384618,816098.3447,4740019.930,1,0.860564,42.745720
0.982668591432299,42.7479364908673,826082.1682,4740731.244,1,0.982669,42.747936
1.10478667930305,42.7500232323915,836067.1923,4741442.702,1,1.104787,42.750023
0.73519358340816,42.8333557198739,805404.0182,4749290.708,1,0.735194,42.833356
0.857460772302998,42.835709998451,815386.5007,4750003.081,1,0.857461,42.835710
1.84274595080961,42.4896969324092,898134.4337,4715735.372,1,1.842746,42.489697
1.96440828024168,42.4908609611586,908128.3320,4716444.271,1,1.964408,42.490861
2.81619049535687,42.4953925374168,978119.3927,4721411.075,1,2.816190,42.495393
2.93788491182844,42.4955231020172,988122.9406,4722121.285,1,2.937885,42.495523
1.49284729493734,41.8552092123034,873088.8622,4643678.188,1,1.492847,41.855209
1.49072812939441,41.9452453033269,872388.3769,4653668.840,1,1.490728,41.945245
1.48859927310983,42.0352798923983,871686.6748,4663659.342,1,1.488599,42.035280
1.24459837639569,42.1218668212841,851005.6286,4672242.944,1,1.244598,42.121867
1.36552423808928,42.1236535978146,860994.0866,4672946.245,1,1.365524,42.123654
1.48646067483845,42.1253129784101,870983.7578,4673649.694,1,1.486461,42.125313
1.60740690572508,42.126844933024,880974.6422,4674353.294,1,1.607407,42.126845
1.7283621493633,42.1282494336262,890966.7400,4675057.045,1,1.728362,42.128249
0.99994752924551,42.2079195416895,830328.8084,4680822.133,1,0.999948,42.207920
1.12102120134627,42.2099674230017,840314.6960,4681526.355,1,1.121021,42.209967
1.36320436239554,42.2136799662353,860290.1056,4682935.235,1,1.363204,42.213680
1.48431228256045,42.2153445604992,870279.6275,4683639.896,1,1.484312,42.215345
1.60543004896473,42.2168813285777,880270.3609,4684344.708,1,1.605430,42.216881
1.72655687628124,42.2182902424382,890262.3057,4685049.671,1,1.726557,42.218290
0.754649007461452,42.2934334416092,809656.1947,4689396.906,1,0.754649,42.293433
0.997100574523018,42.2979263000588,829624.0531,4690807.343,1,0.997101,42.297926
1.1183463319514,42.299980612307,839609.7968,4691512.775,1,1.118346,42.299981
1.48215404397589,42.3053746376853,869574.2858,4693629.948,1,1.482154,42.305375
1.60344413155005,42.3069162328186,879564.8681,4694335.970,1,1.603444,42.306916
1.72474332845476,42.3083295722977,889556.6600,4695042.144,1,1.724743,42.308330
0.751443466635759,42.3834245252482,808950.5123,4699379.555,1,0.751443,42.383425
0.872835059082215,42.3857422324695,818933.6963,4700085.911,1,0.872835,42.385742
0.994240566346134,42.3879314868506,828918.0882,4700792.409,1,0.994241,42.387931
1.11565919702182,42.3899922481746,838903.6880,4701499.050,1,1.115659,42.389992
1.23709015913807,42.3919244788279,848890.4956,4702205.836,1,1.237090,42.391924
1.3585326599401,42.3937281435382,858878.5111,4702912.768,1,1.358533,42.393728
1.47998590642286,42.3954032091144,868867.7344,4703619.849,1,1.479986,42.395403
1.6014491049029,42.3969496448048,878858.1656,4704327.080,1,1.601449,42.396950
1.72292146167493,42.3983674224,888849.8047,4705034.463,1,1.722921,42.398367
2.21777434169417,41.6822985487428,934454.3463,4627883.813,1,2.217774,41.682299
2.33791577329688,41.6830534918295,944453.3193,4628582.262,1,2.337916,41.683053
2.45806141049018,41.6836828499491,954453.5148,4629280.873,1,2.458061,41.683683
2.69836224974662,41.6845647680856,974457.5729,4630678.591,1,2.698362,41.684565
2.81851592572343,41.6848173122897,984461.4356,4631377.701,1,2.818516,41.684817
2.09637671198367,41.7714769128438,923757.7763,4637182.584,1,2.096377,41.771477
2.33699035538694,41.7731175191456,943754.1785,4638581.764,1,2.336990,41.773118
2.45730390188952,41.7737488586707,953754.2105,4639281.597,1,2.457304,41.773749
2.5776209091839,41.7742542065597,963755.4630,4639981.594,1,2.577621,41.774254
2.69794061024303,41.774633553631,973757.9362,4640681.758,1,2.697941,41.774634
2.81826223810002,41.7748868929901,983761.6301,4641382.089,1,2.818262,41.774887
2.21558273748961,41.8624204122563,933055.1675,4647880.213,1,2.215583,41.862420
2.33606071023781,41.8631801154846,943053.8172,4648581.103,1,2.336061,41.863180
2.45654293299719,41.8638134419998,953053.6856,4649282.155,1,2.456543,41.863813
2.57702863482686,41.8643203803021,963054.7728,4649983.372,1,2.577029,41.864320
2.69751704469295,41.8647009212377,973057.0790,4650684.756,1,2.697517,41.864701
2.81800739144056,41.8649550580014,983060.6040,4651386.307,1,2.818007,41.864955
2.21447941818092,41.9524791869638,932353.7492,4657878.171,1,2.214479,41.952479
2.33512681564927,41.9532412802278,942352.2371,4658580.279,1,2.335127,41.953241
2.45577848554351,41.9538765991986,952351.9420,4659282.550,1,2.455778,41.953877
2.57643365304633,41.9543851324253,962352.8639,4659984.985,1,2.576434,41.954385
2.33418864901466,42.0433010127627,941649.4401,4668579.293,1,2.334189,42.043301
2.4550105410761,42.0439383298275,951648.9814,4669282.780,1,2.455011,42.043938
2.57583594933362,42.0444484624552,961649.7379,4669986.431,1,2.575836,42.044448
2.69666409447084,42.0448314012846,971651.7097,4670690.248,1,2.696664,42.044831
1.84932562396652,42.1295264546158,900960.0509,4675760.950,1,1.849326,42.129526
1.97029654761858,42.1306759728219,910954.5752,4676465.011,1,1.970297,42.130676
2.09127413786628,42.1316979673119,920950.3127,4677169.229,1,2.091274,42.131698
2.21225761209381,42.1325924193848,930947.2636,4677873.606,1,2.212258,42.132592
2.33324618753475,42.1333593127779,940945.4279,4678578.144,1,2.333246,42.133359
2.45423908098113,42.1339986334487,950944.8056,4679282.845,1,2.454239,42.133999
2.5752355092682,42.1345103698135,960945.3967,4679987.710,1,2.575236,42.134510
2.81723583683497,42.1351510547663,980950.2193,4681397.942,1,2.817236,42.135151
1.84769197853304,42.2195712762602,900255.4620,4685754.789,1,1.847692,42.219571
1.96883456950883,42.2207244067806,910249.8298,4686460.062,1,1.968835,42.220724
2.08998386283129,42.2217496129184,920245.4091,4687165.492,1,2.089984,42.221750
2.21113907137638,42.2226468759465,930242.2000,4687871.082,1,2.211139,42.222647
2.33229940843834,42.2234161794318,940240.2024,4688576.832,1,2.332299,42.223416
2.45346408665777,42.224057509417,950239.4164,4689282.746,1,2.453464,42.224058
2.57463231845748,42.2245708540744,960239.8420,4689988.824,1,2.574632,42.224571
2.69580331642005,42.2249562041786,970241.4794,4690695.068,1,2.695803,42.224956
2.93815046002331,42.2253428946097,990248.3891,4692108.063,1,2.938150,42.225343
1.84605084461635,42.309614630283,899549.6616,4695748.472,1,1.846051,42.309615
1.96736588967135,42.3107713832752,909543.8730,4696454.956,1,1.967366,42.310771
2.08868767266217,42.3117998101307,919539.2940,4697161.597,1,2.088688,42.311800
2.21001540277931,42.3126998920095,929535.9248,4697868.397,1,2.210015,42.312700
2.33134828875068,42.3134716124042,939533.7653,4698575.358,1,2.331348,42.313472
2.45268553899054,42.3141149572733,949532.8157,4699282.482,1,2.452686,42.314115
2.57402636203977,42.3146299147859,959533.0758,4699989.771,1,2.574026,42.314630
2.6953699659199,42.3150164756138,969534.5458,4700697.225,1,2.695370,42.315016
2.81671555890716,42.3152746326442,979537.2257,4701404.849,1,2.816716,42.315275
1.84440218223001,42.3996565158814,898842.6516,4705742.000,1,1.844402,42.399657
1.96589047190413,42.400816901617,908836.7064,4706449.692,1,1.965890,42.400817
2.08738553580347,42.4018485583198,918831.9692,4707157.542,1,2.087386,42.401849
2.20888657871406,42.4027514669434,928828.4399,4707865.551,1,2.208887,42.402751
2.33039697408201,42.4035349421861,938826.1185,4708575.782,1,2.330397,42.403535
2.4518992495496,42.4041802191296,948824.8738,4709282.054,1,2.451899,42.404180
2.69493462692023,42.4050753265286,968826.4025,4710699.215,1,2.694935,42.405075
2.81645362854864,42.4053342943352,978828.9133,4711408.047,1,2.816454,42.405334
2.93797383362975,42.4054644503106,988832.6322,4712117.049,1,2.937974,42.405464
0.037201627339203,42.5468649535552,749580.7526,4715218.086,1,0.037202,42.546865
0.035096864811815,42.636832364726,749049.2368,4725205.859,1,0.035097,42.636832
0.032979332296477,42.7267948870164,748516.7235,4735193.568,1,0.032979,42.726795
