X,Y,Test or train,Raw prediction,Cumulative prediction,Logistic prediction
-6.990315,38.60562,train,0.006242461690955114,23.63893305183253,0.2417486266800979
-7.427625,39.603442,train,1.471791910213394,100.0,0.986871375809427
-7.317719,39.331613,train,9.229256090362576,100.0,0.9978830138876467
-7.315555,39.421679,train,2.9048990284773453,100.0,0.99330490698031
-7.201751,39.329879,train,2.9048990284773453,100.0,0.99330490698031
-7.199438,39.41994,train,2.9048990284773453,100.0,0.99330490698031
-6.04569,39.576408,train,1.70780658683898E-4,0.16417415097069463,0.00864693041672154
-6.162222,39.219083,train,0.006242461690955114,23.63893305183253,0.2417486266800979
-6.486737,39.857144,train,0.006242461690955114,23.63893305183253,0.2417486266800979
-9.183864,42.946721,train,Infinity,100.0,NaN
-9.184132,43.036769,train,Infinity,100.0,NaN
-9.061289,42.946853,train,Infinity,100.0,NaN
-9.061378,43.036901,train,Infinity,100.0,NaN
-9.061468,43.126948,train,Infinity,100.0,NaN
-9.061111,42.766752,train,Infinity,100.0,NaN
-9.0612,42.856803,train,Infinity,100.0,NaN
-8.818757,42.046165,train,Infinity,100.0,NaN
-8.818501,42.136227,train,Infinity,100.0,NaN
-8.817984,42.316347,train,Infinity,100.0,NaN
-8.697929,42.04591,train,Infinity,100.0,NaN
-8.697502,42.135972,train,Infinity,100.0,NaN
-8.697072,42.226032,train,Infinity,100.0,NaN
-8.696641,42.31609,train,Infinity,100.0,NaN
-8.696207,42.406147,train,Infinity,100.0,NaN
-8.577104,42.045529,train,Infinity,100.0,NaN
-8.576505,42.135589,train,Infinity,100.0,NaN
-8.575904,42.225648,train,Infinity,100.0,NaN
-8.575299,42.315705,train,Infinity,100.0,NaN
-8.574693,42.405761,train,Infinity,100.0,NaN
-8.455511,42.135079,train,Infinity,100.0,NaN
-8.454738,42.225136,train,Infinity,100.0,NaN
-8.453961,42.315191,train,Infinity,100.0,NaN
-8.453179,42.405245,train,Infinity,100.0,NaN
-8.819013,41.956101,train,Infinity,100.0,NaN
-8.698355,41.955848,train,Infinity,100.0,NaN
-8.333575,42.224496,train,Infinity,100.0,NaN
-8.332626,42.314549,train,Infinity,100.0,NaN
-8.331674,42.40462,train,Infinity,100.0,NaN
-8.213534,42.133675,train,Infinity,100.0,NaN
-8.212417,42.223728,train,Infinity,100.0,NaN
-8.211295,42.313779,train,Infinity,100.0,NaN
-8.093835,42.042731,train,Infinity,100.0,NaN
-8.092553,42.132782,train,Infinity,100.0,NaN
-8.091264,42.222832,train,Infinity,100.0,NaN
-8.08997,42.31288,train,Infinity,100.0,NaN
-8.08867,42.402927,train,Infinity,100.0,NaN
-7.973031,42.041713,train,Infinity,100.0,NaN
-7.971577,42.131761,train,Infinity,100.0,NaN
-7.970117,42.221808,train,Infinity,100.0,NaN
-7.96865,42.311853,train,Infinity,100.0,NaN
-7.852233,42.040569,train,Infinity,100.0,NaN
-7.850609,42.130613,train,Infinity,100.0,NaN
-7.848977,42.220656,train,Infinity,100.0,NaN
-7.847338,42.310698,train,Infinity,100.0,NaN
-8.215752,41.953565,train,Infinity,100.0,NaN
-8.097648,41.772568,train,Infinity,100.0,NaN
-8.096383,41.862624,train,Infinity,100.0,NaN
-8.095112,41.952678,train,Infinity,100.0,NaN
-7.975918,41.861613,train,Infinity,100.0,NaN
-7.974478,41.951664,train,Infinity,100.0,NaN
-7.85546,41.860475,train,Infinity,100.0,NaN
-7.85385,41.950523,train,Infinity,100.0,NaN
-8.938624,43.036901,train,Infinity,100.0,NaN
-8.938534,43.126948,train,Infinity,100.0,NaN
-8.938443,43.216993,train,Infinity,100.0,NaN
-8.938352,43.307037,train,Infinity,100.0,NaN
-8.816138,42.946721,train,Infinity,100.0,NaN
-8.815869,43.036769,train,Infinity,100.0,NaN
-8.815328,43.216861,train,Infinity,100.0,NaN
-8.815056,43.306904,train,Infinity,100.0,NaN
-8.693564,42.946459,train,Infinity,100.0,NaN
-8.693116,43.036506,train,Infinity,100.0,NaN
-8.692666,43.126552,train,Infinity,100.0,NaN
-8.692215,43.216596,train,Infinity,100.0,NaN
-8.570992,42.946065,train,Infinity,100.0,NaN
-8.570365,43.036111,train,Infinity,100.0,NaN
-8.569736,43.126155,train,Infinity,100.0,NaN
-8.569103,43.216198,train,Infinity,100.0,NaN
-8.568468,43.30624,train,Infinity,100.0,NaN
-8.448423,42.94554,train,Infinity,100.0,NaN
-8.447617,43.035584,train,Infinity,100.0,NaN
-8.446808,43.125627,train,Infinity,100.0,NaN
-8.445995,43.215668,train,Infinity,100.0,NaN
-8.445178,43.305708,train,Infinity,100.0,NaN
-8.939067,42.586646,train,Infinity,100.0,NaN
-8.938979,42.6767,train,Infinity,100.0,NaN
-8.938891,42.766752,train,Infinity,100.0,NaN
-8.938802,42.856803,train,Infinity,100.0,NaN
-8.817463,42.496461,train,Infinity,100.0,NaN
-8.816936,42.676569,train,Infinity,100.0,NaN
-8.816671,42.766622,train,Infinity,100.0,NaN
-8.816405,42.856672,train,Infinity,100.0,NaN
-8.695772,42.496203,train,Infinity,100.0,NaN
-8.695334,42.586257,train,Infinity,100.0,NaN
-8.694895,42.676309,train,Infinity,100.0,NaN
-8.694453,42.766361,train,Infinity,100.0,NaN
-8.69401,42.856411,train,Infinity,100.0,NaN
-8.574083,42.495815,train,Infinity,100.0,NaN
-8.57347,42.585868,train,Infinity,100.0,NaN
-8.572855,42.675919,train,Infinity,100.0,NaN
-8.572237,42.765969,train,Infinity,100.0,NaN
-8.571616,42.856018,train,Infinity,100.0,NaN
-8.452398,42.495317,train,Infinity,100.0,NaN
-8.451609,42.585349,train,Infinity,100.0,NaN
-8.450818,42.675399,train,Infinity,100.0,NaN
-8.450023,42.765448,train,Infinity,100.0,NaN
-8.449225,42.855495,train,Infinity,100.0,NaN
-8.325858,42.944884,train,Infinity,100.0,NaN
-8.324873,43.034926,train,Infinity,100.0,NaN
-8.323884,43.124967,train,Infinity,100.0,NaN
-8.32289,43.215006,train,Infinity,100.0,NaN
-8.321891,43.305044,train,Infinity,100.0,NaN
-8.202133,43.034136,train,Infinity,100.0,NaN
-8.200964,43.124174,train,Infinity,100.0,NaN
-8.199789,43.214211,train,Infinity,100.0,NaN
-8.080741,42.943178,train,Infinity,100.0,NaN
-8.079399,43.033215,train,Infinity,100.0,NaN
-8.07805,43.12325,train,Infinity,100.0,NaN
-8.076695,43.213284,train,Infinity,100.0,NaN
-7.958192,42.942128,train,Infinity,100.0,NaN
-7.95667,43.032162,train,Infinity,100.0,NaN
-7.95514,43.122194,train,Infinity,100.0,NaN
-7.953608,43.212243,train,Infinity,100.0,NaN
-7.952063,43.302253,train,Infinity,100.0,NaN
-7.83565,42.940947,train,Infinity,100.0,NaN
-7.832242,43.121025,train,Infinity,100.0,NaN
-7.830523,43.211032,train,Infinity,100.0,NaN
-8.330713,42.494652,train,Infinity,100.0,NaN
-8.329752,42.584701,train,Infinity,100.0,NaN
-8.328785,42.674749,train,Infinity,100.0,NaN
-8.327814,42.764796,train,Infinity,100.0,NaN
-8.326838,42.854841,train,Infinity,100.0,NaN
-8.209036,42.493877,train,Infinity,100.0,NaN
-8.207899,42.583924,train,Infinity,100.0,NaN
-8.206756,42.673969,train,Infinity,100.0,NaN
-8.205608,42.764013,train,Infinity,100.0,NaN
-8.087363,42.492973,train,Infinity,100.0,NaN
-8.086051,42.583017,train,Infinity,100.0,NaN
-8.084733,42.673059,train,Infinity,100.0,NaN
-8.083408,42.7631,train,Infinity,100.0,NaN
-8.082078,42.85314,train,Infinity,100.0,NaN
-7.965697,42.491939,train,Infinity,100.0,NaN
-7.964209,42.58198,train,Infinity,100.0,NaN
-7.962715,42.672019,train,Infinity,100.0,NaN
-7.959707,42.852093,train,Infinity,100.0,NaN
-7.844036,42.490776,train,Infinity,100.0,NaN
-7.842375,42.580814,train,Infinity,100.0,NaN
-7.839028,42.760883,train,Infinity,100.0,NaN
-7.837343,42.850916,train,Infinity,100.0,NaN
-8.197424,43.39428,train,Infinity,100.0,NaN
-8.195037,43.574343,train,Infinity,100.0,NaN
-8.073965,43.393347,train,Infinity,100.0,NaN
-8.072591,43.483376,train,Infinity,100.0,NaN
-8.071211,43.573404,train,Infinity,100.0,NaN
-8.069824,43.663431,train,Infinity,100.0,NaN
-7.950513,43.39228,train,Infinity,100.0,NaN
-7.948956,43.482307,train,Infinity,100.0,NaN
-7.947391,43.572331,train,Infinity,100.0,NaN
-7.94582,43.662354,train,Infinity,100.0,NaN
-7.827068,43.391081,train,Infinity,100.0,NaN
-7.825328,43.481103,train,Infinity,100.0,NaN
-7.823579,43.571124,train,Infinity,100.0,NaN
-7.821823,43.661143,train,Infinity,100.0,NaN
-6.825755,40.224332,train,19.869679839332697,100.0,0.9990155663243258
-6.822869,40.314358,train,222.23843834923392,100.0,0.9999119057345697
-6.708315,40.222065,train,0.013439405515911395,47.63161652329987,0.4070195989881126
-6.705274,40.312084,train,6.253961651546924,100.0,0.9968790104552118
-7.731443,42.039297,train,Infinity,100.0,NaN
-7.727844,42.219377,train,Infinity,100.0,NaN
-7.726032,42.309414,train,Infinity,100.0,NaN
-7.724212,42.39945,train,Infinity,100.0,NaN
-7.61066,42.037898,train,Infinity,100.0,NaN
-7.606719,42.217969,train,Infinity,100.0,NaN
-7.602742,42.398034,train,Infinity,100.0,NaN
-7.489887,42.036373,train,Infinity,100.0,NaN
-7.48775,42.126404,train,Infinity,100.0,NaN
-7.485604,42.216434,train,Infinity,100.0,NaN
-7.483448,42.306462,train,Infinity,100.0,NaN
-7.481281,42.396489,train,Infinity,100.0,NaN
-7.369124,42.03472,train,Infinity,100.0,NaN
-7.366816,42.124746,train,Infinity,100.0,NaN
-7.364498,42.21477,train,Infinity,100.0,NaN
-7.36217,42.304794,train,Infinity,100.0,NaN
-7.35983,42.394815,train,Infinity,100.0,NaN
-7.248371,42.03294,train,Infinity,100.0,NaN
-7.245893,42.122961,train,Infinity,100.0,NaN
-7.243403,42.21298,train,Infinity,100.0,NaN
-7.240902,42.302997,train,Infinity,100.0,NaN
-7.23839,42.393013,train,6.253961651546924,100.0,0.9968790104552118
-7.73323,41.949255,train,Infinity,100.0,NaN
-7.612617,41.947861,train,Infinity,100.0,NaN
-7.494132,41.856305,train,19.869679839332697,100.0,0.9990155663243258
-7.492014,41.94634,train,19.869679839332697,100.0,0.9990155663243258
-7.373707,41.854663,train,Infinity,100.0,NaN
-7.371421,41.944692,train,Infinity,100.0,NaN
-7.253293,41.852894,train,Infinity,100.0,NaN
-7.250837,41.942918,train,Infinity,100.0,NaN
-7.127629,42.031033,train,Infinity,100.0,NaN
-7.12232,42.211061,train,222.23843834923392,100.0,0.9999119057345697
-7.119647,42.301072,train,222.23843834923392,100.0,0.9999119057345697
-7.006899,42.029,train,Infinity,100.0,NaN
-7.00408,42.119008,train,Infinity,100.0,NaN
-7.001248,42.209014,train,Infinity,100.0,NaN
-6.998403,42.299019,train,222.23843834923392,100.0,0.9999119057345697
-6.995545,42.389023,train,222.23843834923392,100.0,0.9999119057345697
-6.886182,42.026839,train,Infinity,100.0,NaN
-6.883193,42.11684,train,Infinity,100.0,NaN
-6.88019,42.20684,train,Infinity,100.0,NaN
-6.877172,42.296838,train,Infinity,100.0,NaN
-6.874142,42.386835,train,69.94932390327139,100.0,0.999720166304801
-6.765479,42.024552,train,Infinity,100.0,NaN
-6.762319,42.114546,train,Infinity,100.0,NaN
-6.759145,42.204538,train,Infinity,100.0,NaN
-6.755956,42.294529,train,Infinity,100.0,NaN
-6.752752,42.384519,train,222.23843834923392,100.0,0.9999119057345697
-6.64479,42.022137,train,69.94932390327139,100.0,0.999720166304801
-6.64146,42.112124,train,69.94932390327139,100.0,0.999720166304801
-6.638115,42.202109,train,Infinity,100.0,NaN
-6.634754,42.292092,train,222.23843834923392,100.0,0.9999119057345697
-6.631378,42.382074,train,69.94932390327139,100.0,0.999720166304801
-7.009706,41.93899,train,Infinity,100.0,NaN
-6.889158,41.936836,train,222.23843834923392,100.0,0.9999119057345697
-6.768625,41.934556,train,Infinity,100.0,NaN
-6.648106,41.932149,train,0.15031709208951882,100.0,0.8847555532609745
-7.711236,43.029661,train,Infinity,100.0,NaN
-7.709348,43.119685,train,Infinity,100.0,NaN
-7.707451,43.209707,train,Infinity,100.0,NaN
-7.705545,43.299728,train,Infinity,100.0,NaN
-7.588531,43.028213,train,Infinity,100.0,NaN
-7.584386,43.20825,train,Infinity,100.0,NaN
-7.463589,43.116648,train,Infinity,100.0,NaN
-7.345567,42.934912,train,19.869679839332697,100.0,0.9990155663243258
-7.223072,42.933076,train,Infinity,100.0,NaN
-7.217871,43.113084,train,1584.3496433210519,100.0,0.9999876419861303
-7.215253,43.203086,train,16277.84541915932,100.0,0.9999987971606329
-7.212623,43.293086,train,20603.550283037952,100.0,0.999999049695904
-7.722384,42.489485,train,Infinity,100.0,NaN
-7.720547,42.579518,train,Infinity,100.0,NaN
-7.716848,42.759579,train,Infinity,100.0,NaN
-7.714986,42.849608,train,Infinity,100.0,NaN
-7.60074,42.488064,train,Infinity,100.0,NaN
-7.598729,42.578092,train,Infinity,100.0,NaN
-7.596708,42.66812,train,Infinity,100.0,NaN
-7.592638,42.848169,train,Infinity,100.0,NaN
-7.479105,42.486514,train,Infinity,100.0,NaN
-7.476919,42.576538,train,9.229256090362576,100.0,0.9978830138876467
-7.35748,42.484835,train,19.869679839332697,100.0,0.9990155663243258
-7.355119,42.574854,train,19.869679839332697,100.0,0.9990155663243258
-7.352748,42.66487,train,Infinity,100.0,NaN
-7.350365,42.754886,train,19.869679839332697,100.0,0.9990155663243258
-7.235866,42.483027,train,6.253961651546924,100.0,0.9968790104552118
-7.233331,42.57304,train,Infinity,100.0,NaN
-7.230784,42.663051,train,Infinity,100.0,NaN
-7.228225,42.753061,train,Infinity,100.0,NaN
-7.225654,42.843069,train,Infinity,100.0,NaN
-7.100589,42.931108,train,19.869679839332697,100.0,0.9990155663243258
-7.097816,43.021107,train,19.869679839332697,100.0,0.9990155663243258
-7.09503,43.111104,train,Infinity,100.0,NaN
-7.092232,43.2011,train,1584.3496433210519,100.0,0.9999876419861303
-7.08942,43.291094,train,Infinity,100.0,NaN
-6.972202,43.108993,train,19.869679839332697,100.0,0.9990155663243258
-6.969223,43.198982,train,19.869679839332697,100.0,0.9990155663243258
-6.966231,43.288969,train,1584.3496433210519,100.0,0.9999876419861303
-6.855662,42.92678,train,222.23843834923392,100.0,0.9999119057345697
-6.846229,43.196732,train,7.915901032219846,100.0,0.9975326438813895
-6.733219,42.92442,train,222.23843834923392,100.0,0.9999119057345697
-6.729911,43.014398,train,Infinity,100.0,NaN
-6.610792,42.921929,train,222.23843834923392,100.0,0.9999119057345697
-6.607305,43.011899,train,69.94932390327139,100.0,0.999720166304801
-7.111554,42.571097,train,Infinity,100.0,NaN
-7.108831,42.661102,train,Infinity,100.0,NaN
-7.106097,42.751106,train,222.23843834923392,100.0,0.9999119057345697
-7.103349,42.841108,train,19.869679839332697,100.0,0.9990155663243258
-6.992674,42.479024,train,69.94932390327139,100.0,0.999720166304801
-6.989789,42.569025,train,222.23843834923392,100.0,0.9999119057345697
-6.986892,42.659023,train,222.23843834923392,100.0,0.9999119057345697
-6.983981,42.74902,train,222.23843834923392,100.0,0.9999119057345697
-6.981056,42.839016,train,222.23843834923392,100.0,0.9999119057345697
-6.871097,42.47683,train,6.253961651546924,100.0,0.9968790104552118
-6.868038,42.566823,train,6.253961651546924,100.0,0.9968790104552118
-6.864965,42.656815,train,69.94932390327139,100.0,0.999720166304801
-6.861878,42.746805,train,Infinity,100.0,NaN
-6.858777,42.836794,train,Infinity,100.0,NaN
-6.749534,42.474506,train,0.013439405515911395,47.63161652329987,0.4070195989881126
-6.746301,42.564492,train,0.013439405515911395,47.63161652329987,0.4070195989881126
-6.743053,42.654477,train,0.013439405515911395,47.63161652329987,0.4070195989881126
-6.73979,42.74446,train,69.94932390327139,100.0,0.999720166304801
-6.736512,42.834441,train,Infinity,100.0,NaN
-6.627986,42.472054,train,69.94932390327139,100.0,0.999720166304801
-6.624578,42.562032,train,0.013439405515911395,47.63161652329987,0.4070195989881126
-6.617717,42.741984,train,0.15031709208951882,100.0,0.8847555532609745
-6.614262,42.831957,train,69.94932390327139,100.0,0.999720166304801
-7.703631,43.389748,train,Infinity,100.0,NaN
-7.701708,43.479766,train,Infinity,100.0,NaN
-7.699776,43.569783,train,Infinity,100.0,NaN
-7.697834,43.659798,train,Infinity,100.0,NaN
-7.580203,43.388282,train,Infinity,100.0,NaN
-7.578097,43.478296,train,Infinity,100.0,NaN
-7.575981,43.568308,train,Infinity,100.0,NaN
-7.573855,43.658318,train,Infinity,100.0,NaN
-7.456784,43.386683,train,Infinity,100.0,NaN
-7.454495,43.476691,train,Infinity,100.0,NaN
-7.452195,43.566698,train,20603.550283037952,100.0,0.999999049695904
-7.449885,43.656704,train,Infinity,100.0,NaN
-7.333377,43.384951,train,Infinity,100.0,NaN
-7.330904,43.474954,train,20603.550283037952,100.0,0.999999049695904
-7.328421,43.564955,train,6484.946632142886,100.0,0.9999969807619358
-7.20998,43.383085,train,20603.550283037952,100.0,0.999999049695904
-7.207325,43.473083,train,20603.550283037952,100.0,0.999999049695904
-7.204658,43.563078,train,6484.946632142886,100.0,0.9999969807619358
-7.086596,43.381087,train,6484.946632142886,100.0,0.9999969807619358
-6.960204,43.46894,train,6484.946632142886,100.0,0.9999969807619358
-6.83667,43.466668,train,6484.946632142886,100.0,0.9999969807619358
-6.713139,43.464263,train,3285.653614045385,100.0,0.9999940408994815
-6.58963,43.461725,train,6484.946632142886,100.0,0.9999969807619358
-6.590889,40.219679,train,0.006242461690955114,23.63893305183253,0.2417486266800979
-6.587692,40.30969,train,69.94932390327139,100.0,0.999720166304801
-6.58448,40.3997,train,6.253961651546924,100.0,0.9968790104552118
-6.581254,40.489708,train,6.253961651546924,100.0,0.9968790104552118
-6.470124,40.307178,train,0.013439405515911395,47.63161652329987,0.4070195989881126
-6.466757,40.397179,train,69.94932390327139,100.0,0.999720166304801
-6.463374,40.48718,train,0.013439405515911395,47.63161652329987,0.4070195989881126
-6.349048,40.394539,train,0.15031709208951882,100.0,0.8847555532609745
-6.345509,40.484531,train,0.15031709208951882,100.0,0.8847555532609745
-6.227659,40.481762,train,0.15031709208951882,100.0,0.8847555532609745
-6.223946,40.571743,train,0.15031709208951882,100.0,0.8847555532609745
-6.11368,40.388899,train,0.013439405515911395,47.63161652329987,0.4070195989881126
-6.109827,40.478873,train,0.15031709208951882,100.0,0.8847555532609745
-6.105957,40.568845,train,0.15031709208951882,100.0,0.8847555532609745
-6.030374,40.296613,train,0.013439405515911395,47.63161652329987,0.4070195989881126
-6.02842,40.386633,train,0.013439405515911395,47.63161652329987,0.4070195989881126
-6.026456,40.476651,train,0.013439405515911395,47.63161652329987,0.4070195989881126
-6.024487,40.566668,train,0.15031709208951882,100.0,0.8847555532609745
-6.070326,41.378518,train,0.006242461690955114,23.63893305183253,0.2417486266800979
-6.220217,40.661723,train,0.15031709208951882,100.0,0.8847555532609745
-6.102069,40.658816,train,0.15031709208951882,100.0,0.8847555532609745
-6.524117,42.019596,train,0.15031709208951882,100.0,0.8847555532609745
-6.520616,42.109575,train,69.94932390327139,100.0,0.999720166304801
-6.5171,42.199552,train,222.23843834923392,100.0,0.9999119057345697
-6.513567,42.289527,train,69.94932390327139,100.0,0.999720166304801
-6.399788,42.106899,train,0.15031709208951882,100.0,0.8847555532609745
-6.396101,42.196867,train,69.94932390327139,100.0,0.999720166304801
-6.392397,42.286834,train,69.94932390327139,100.0,0.999720166304801
-6.388675,42.376799,train,69.94932390327139,100.0,0.999720166304801
-6.282818,42.014134,train,0.15031709208951882,100.0,0.8847555532609745
-6.279006,42.104095,train,0.15031709208951882,100.0,0.8847555532609745
-6.271243,42.284014,train,0.15031709208951882,100.0,0.8847555532609745
-6.162195,42.011213,train,0.006242461690955114,23.63893305183253,0.2417486266800979
-6.051998,42.008323,train,0.006242461690955114,23.63893305183253,0.2417486266800979
-6.049954,42.098321,train,0.006242461690955114,23.63893305183253,0.2417486266800979
-6.531069,41.839634,train,0.15031709208951882,100.0,0.8847555532609745
-6.527602,41.929627,train,0.15031709208951882,100.0,0.8847555532609745
-6.410751,41.836994,train,0.15031709208951882,100.0,0.8847555532609745
-6.407112,41.926957,train,0.15031709208951882,100.0,0.8847555532609745
-6.286641,41.924171,train,0.15031709208951882,100.0,0.8847555532609745
-6.166187,41.921259,train,0.013439405515911395,47.63161652329987,0.4070195989881126
-6.05606,41.828324,train,0.013439405515911395,47.63161652329987,0.4070195989881126
-6.484716,43.009269,train,222.23843834923392,100.0,0.9999119057345697
-6.362143,43.006508,train,Infinity,100.0,NaN
-6.112834,43.090526,train,17.042155685147154,100.0,0.9988524228960419
-6.502872,42.559443,train,0.15031709208951882,100.0,0.8847555532609745
-6.499274,42.649412,train,0.15031709208951882,100.0,0.8847555532609745
-6.247611,42.823726,train,222.23843834923392,100.0,0.9999119057345697
-6.12543,42.820721,train,69.94932390327139,100.0,0.999720166304801
-6.037488,42.638278,train,0.013439405515911395,47.63161652329987,0.4070195989881126
-6.033257,42.818253,train,69.94932390327139,100.0,0.999720166304801
-6.466137,43.459054,train,3285.653614045385,100.0,0.9999940408994815
-6.342662,43.456249,train,6484.946632142886,100.0,0.9999969807619358
-6.338711,43.546192,train,3285.653614045385,100.0,0.9999940408994815
-6.219205,43.453311,train,3285.653614045385,100.0,0.9999940408994815
-6.215071,43.543245,train,3285.653614045385,100.0,0.9999940408994815
-5.50024,39.497085,train,0.013439405515911395,47.63161652329987,0.4070195989881126
-5.503474,39.587101,train,0.013439405515911395,47.63161652329987,0.4070195989881126
-5.506723,39.677116,train,0.006242461690955114,23.63893305183253,0.2417486266800979
-5.380976,39.409501,train,0.006242461690955114,23.63893305183253,0.2417486266800979
-5.384046,39.499527,train,0.013439405515911395,47.63161652329987,0.4070195989881126
-5.38713,39.589551,train,0.013439405515911395,47.63161652329987,0.4070195989881126
-5.967719,40.11662,train,0.013439405515911395,47.63161652329987,0.4070195989881126
-5.754025,40.031827,train,0.006242461690955114,23.63893305183253,0.2417486266800979
-5.757655,40.121817,train,0.15031709208951882,100.0,0.8847555532609745
-5.640429,40.124551,train,0.013439405515911395,47.63161652329987,0.4070195989881126
-5.523186,40.127166,train,0.006242461690955114,23.63893305183253,0.2417486266800979
-5.405929,40.129663,train,0.0031627965469700377,1.191338567606632,0.13907015633854894
-5.264918,39.411819,train,0.006242461690955114,23.63893305183253,0.2417486266800979
-5.267839,39.501853,train,0.013439405515911395,47.63161652329987,0.4070195989881126
-5.270773,39.591884,train,0.006242461690955114,23.63893305183253,0.2417486266800979
-5.288657,40.132041,train,0.0031627965469700377,1.191338567606632,0.13907015633854894
-5.171372,40.134301,train,0.0031627965469700377,1.191338567606632,0.13907015633854894
-5.054074,40.136442,train,0.0031627965469700377,1.191338567606632,0.13907015633854894
-5.969661,40.206643,train,0.013439405515911395,47.63161652329987,0.4070195989881126
-5.97752,40.566719,train,0.15031709208951882,100.0,0.8847555532609745
-5.878667,40.208943,train,0.15031709208951882,100.0,0.8847555532609745
-5.882485,40.298921,train,0.013439405515911395,47.63161652329987,0.4070195989881126
-5.886321,40.388896,train,0.013439405515911395,47.63161652329987,0.4070195989881126
-5.890174,40.47887,train,0.013439405515911395,47.63161652329987,0.4070195989881126
-5.894044,40.568843,train,0.15031709208951882,100.0,0.8847555532609745
-5.761302,40.211805,train,0.15031709208951882,100.0,0.8847555532609745
-5.764965,40.301791,train,0.15031709208951882,100.0,0.8847555532609745
-5.768645,40.391776,train,0.15031709208951882,100.0,0.8847555532609745
-5.776054,40.571741,train,0.15031709208951882,100.0,0.8847555532609745
-5.643921,40.214548,train,0.15031709208951882,100.0,0.8847555532609745
-5.647429,40.304543,train,0.15031709208951882,100.0,0.8847555532609745
-5.650952,40.394536,train,0.15031709208951882,100.0,0.8847555532609745
-5.526524,40.217171,train,0.15031709208951882,100.0,0.8847555532609745
-5.529876,40.307175,train,0.15031709208951882,100.0,0.8847555532609745
-5.533244,40.397177,train,0.013439405515911395,47.63161652329987,0.4070195989881126
-5.536627,40.487177,train,0.013439405515911395,47.63161652329987,0.4070195989881126
-5.540025,40.577175,train,0.006242461690955114,23.63893305183253,0.2417486266800979
-5.409112,40.219676,train,0.013439405515911395,47.63161652329987,0.4070195989881126
-5.412309,40.309688,train,0.15031709208951882,100.0,0.8847555532609745
-5.97752,43.178244,train,17.042155685147154,100.0,0.9988524228960419
-5.966785,42.728322,train,0.013439405515911395,47.63161652329987,0.4070195989881126
-5.968914,42.818309,train,0.013439405515911395,47.63161652329987,0.4070195989881126
-5.866269,42.64084,train,0.013439405515911395,47.63161652329987,0.4070195989881126
-5.87041,42.73078,train,0.013439405515911395,47.63161652329987,0.4070195989881126
-5.874571,42.820718,train,0.013439405515911395,47.63161652329987,0.4070195989881126
-5.752389,42.823723,train,0.013439405515911395,47.63161652329987,0.4070195989881126
-5.899938,43.360312,train,7.060681495073347,100.0,0.9972346137505143
-5.291685,40.222062,train,0.15031709208951882,100.0,0.8847555532609745
-5.294727,40.312081,train,0.15031709208951882,100.0,0.8847555532609745
-5.297782,40.402098,train,0.15031709208951882,100.0,0.8847555532609745
-5.300851,40.492114,train,0.15031709208951882,100.0,0.8847555532609745
-5.174245,40.224329,train,0.013439405515911395,47.63161652329987,0.4070195989881126
-5.177131,40.314355,train,0.15031709208951882,100.0,0.8847555532609745
-5.18003,40.404379,train,0.15031709208951882,100.0,0.8847555532609745
-5.182943,40.494402,train,0.15031709208951882,100.0,0.8847555532609745
-5.185868,40.584424,train,0.013439405515911395,47.63161652329987,0.4070195989881126
-5.056792,40.226476,train,0.0031627965469700377,1.191338567606632,0.13907015633854894
-5.059523,40.316509,train,0.006242461690955114,23.63893305183253,0.2417486266800979
-5.062265,40.406541,train,0.006242461690955114,23.63893305183253,0.2417486266800979
-5.06502,40.496571,train,0.013439405515911395,47.63161652329987,0.4070195989881126
-5.067788,40.586599,train,0.006242461690955114,23.63893305183253,0.2417486266800979
-4.939327,40.228505,train,0.0031627965469700377,1.191338567606632,0.13907015633854894
-4.941902,40.318544,train,0.006242461690955114,23.63893305183253,0.2417486266800979
-4.944488,40.408582,train,0.006242461690955114,23.63893305183253,0.2417486266800979
-4.947086,40.498619,train,0.013439405515911395,47.63161652329987,0.4070195989881126
-4.949696,40.588653,train,0.006242461690955114,23.63893305183253,0.2417486266800979
-4.824269,40.32046,train,0.006242461690955114,23.63893305183253,0.2417486266800979
-4.82914,40.500546,train,0.006242461690955114,23.63893305183253,0.2417486266800979
-4.706625,40.322256,train,0.0031627965469700377,1.191338567606632,0.13907015633854894
-4.708899,40.412306,train,0.006242461690955114,23.63893305183253,0.2417486266800979
-4.588971,40.323932,train,0.0031627965469700377,1.191338567606632,0.13907015633854894
-4.591088,40.413987,train,0.006242461690955114,23.63893305183253,0.2417486266800979
-4.471308,40.325489,train,0.0031627965469700377,1.191338567606632,0.13907015633854894
-4.473268,40.415549,train,0.006242461690955114,23.63893305183253,0.2417486266800979
-4.359071,40.597115,train,0.0031627965469700377,1.191338567606632,0.13907015633854894
-4.240919,40.598445,train,0.006242461690955114,23.63893305183253,0.2417486266800979
-4.242588,40.688509,train,0.006242461690955114,23.63893305183253,0.2417486266800979
-4.244265,40.778572,train,0.0031627965469700377,1.191338567606632,0.13907015633854894
-5.392695,43.011897,train,69.94932390327139,100.0,0.999720166304801
-5.150613,43.106747,train,69.94932390327139,100.0,0.999720166304801
-5.03377,43.288967,train,5.114014280151769,100.0,0.9961859747629842
-5.135035,42.656812,train,0.006242461690955114,23.63893305183253,0.2417486266800979
-4.779523,43.023078,train,69.94932390327139,100.0,0.999720166304801
-4.654434,42.934909,train,69.94932390327139,100.0,0.999720166304801
-4.661714,43.204937,train,2379.7815428418226,100.0,0.9999917725659312
-5.406803,43.371761,train,7.060681495073347,100.0,0.9972346137505143
-5.283476,43.374291,train,7.060681495073347,100.0,0.9972346137505143
-5.160133,43.376688,train,2.591059025617299,100.0,0.9925000510549867
-4.122759,40.599654,train,0.006242461690955114,23.63893305183253,0.2417486266800979
-4.124269,40.689722,train,0.006242461690955114,23.63893305183253,0.2417486266800979
-4.125786,40.779789,train,0.006242461690955114,23.63893305183253,0.2417486266800979
-4.007301,40.780884,train,0.006242461690955114,23.63893305183253,0.2417486266800979
-4.008665,40.870952,train,0.0031627965469700377,1.191338567606632,0.13907015633854894
-3.88881,40.781857,train,0.013439405515911395,47.63161652329987,0.4070195989881126
-3.890013,40.871929,train,0.006242461690955114,23.63893305183253,0.2417486266800979
-3.891222,40.961999,train,0.013439405515911395,47.63161652329987,0.4070195989881126
-3.770313,40.782709,train,0.013439405515911395,47.63161652329987,0.4070195989881126
-3.771356,40.872784,train,0.006242461690955114,23.63893305183253,0.2417486266800979
-3.772403,40.962856,train,0.006242461690955114,23.63893305183253,0.2417486266800979
-3.773456,41.052928,train,0.006242461690955114,23.63893305183253,0.2417486266800979
-3.430265,43.126153,train,5123.435397268582,100.0,0.999996178427073
-3.307334,43.126549,train,2379.7815428418226,100.0,0.9999917725659312
-3.307786,43.216593,train,7560.886999063076,100.0,0.9999974104088407
-3.061558,43.21699,train,0.4579450802314434,100.0,0.9589976072179133
-2.938623,43.036898,train,2379.7815428418226,100.0,0.9999917725659312
-2.816137,42.946719,train,498.6724492841482,100.0,0.9999607379791615
-2.815868,43.036767,train,5577.552697015095,100.0,0.9999964895736243
-2.815599,43.126813,train,7560.886999063076,100.0,0.9999974104088407
-2.693563,42.946456,train,498.6724492841482,100.0,0.9999607379791615
-2.692666,43.126549,train,0.0,0.0,0.0
-2.69176,43.306636,train,43.358190244919875,100.0,0.9995486246324651
-2.569102,43.216196,train,43.358190244919875,100.0,0.9995486246324651
-2.203296,42.944094,train,6.253961651546924,100.0,0.9968790104552118
-2.814782,43.396944,train,43.358190244919875,100.0,0.9995486246324651
-2.691304,43.396677,train,7.237748645587707,100.0,0.997302084731964
-9.058246,39.614066,train,3285.653614045385,100.0,0.9999940408994815
-9.058322,39.704166,train,3285.653614045385,100.0,0.9999940408994815
-8.941678,39.704166,train,10438.964773293737,100.0,0.9999981243714743
-8.708391,39.703815,train,10438.964773293737,100.0,0.9999981243714743
-8.59175,39.703463,train,Infinity,100.0,NaN
-8.477145,39.432699,train,3285.653614045385,100.0,0.9999940408994815
-8.358476,39.702409,train,12.742404326759537,100.0,0.9984657826825811
-8.244782,39.431423,train,1.471791910213394,100.0,0.986871375809427
-8.243807,39.521518,train,4.676081446522221,100.0,0.9958302661965402
-8.242827,39.611613,train,9.229256090362576,100.0,0.9978830138876467
-8.241844,39.701706,train,9.229256090362576,100.0,0.9978830138876467
-8.127481,39.520703,train,4.676081446522221,100.0,0.9958302661965402
-8.126351,39.610795,train,9.229256090362576,100.0,0.9978830138876467
-8.125216,39.700886,train,Infinity,100.0,NaN
-8.00988,39.609861,train,Infinity,100.0,NaN
-8.008594,39.699948,train,Infinity,100.0,NaN
-8.941602,39.794266,train,10438.964773293737,100.0,0.9999981243714743
-8.824347,39.974342,train,10438.964773293737,100.0,0.9999981243714743
-8.591218,39.79356,train,Infinity,100.0,NaN
-8.590683,39.883656,train,10438.964773293737,100.0,0.9999981243714743
-8.47374,39.883184,train,Infinity,100.0,NaN
-8.47305,39.973277,train,Infinity,100.0,NaN
-8.472356,40.063368,train,Infinity,100.0,NaN
-8.47166,40.153458,train,Infinity,100.0,NaN
-8.357639,39.792502,train,Infinity,100.0,NaN
-8.3568,39.882595,train,Infinity,100.0,NaN
-8.355956,39.972686,train,Infinity,100.0,NaN
-8.355108,40.062775,train,Infinity,100.0,NaN
-8.354257,40.152863,train,Infinity,100.0,NaN
-8.240856,39.791797,train,Infinity,100.0,NaN
-8.239863,39.881887,train,Infinity,100.0,NaN
-8.238866,39.971976,train,Infinity,100.0,NaN
-8.237864,40.062063,train,Infinity,100.0,NaN
-8.236858,40.152149,train,Infinity,100.0,NaN
-8.124076,39.790974,train,Infinity,100.0,NaN
-8.122931,39.881062,train,Infinity,100.0,NaN
-8.121781,39.971148,train,Infinity,100.0,NaN
-8.120625,40.061233,train,Infinity,100.0,NaN
-8.119464,40.151316,train,Infinity,100.0,NaN
-8.007302,39.790034,train,Infinity,100.0,NaN
-8.006004,39.880119,train,Infinity,100.0,NaN
-8.0047,39.970202,train,Infinity,100.0,NaN
-8.003391,40.060283,train,Infinity,100.0,NaN
-8.002075,40.150363,train,Infinity,100.0,NaN
-7.890533,39.788976,train,Infinity,100.0,NaN
-7.889083,39.879058,train,Infinity,100.0,NaN
-7.887626,39.969137,train,Infinity,100.0,NaN
-7.886162,40.059215,train,Infinity,100.0,NaN
-7.884692,40.149292,train,Infinity,100.0,NaN
-7.547816,39.424809,train,2.9048990284773453,100.0,0.99330490698031
-7.433696,39.333229,train,2.9048990284773453,100.0,0.99330490698031
-7.431681,39.423301,train,2.9048990284773453,100.0,0.99330490698031
-7.317718,39.33161,train,9.229256090362576,100.0,0.9978830138876467
-7.315555,39.421677,train,2.9048990284773453,100.0,0.99330490698031
-7.435701,39.243156,train,0.0031627965469700377,1.191338567606632,0.13907015633854894
-7.322016,39.151473,train,0.0031627965469700377,1.191338567606632,0.13907015633854894
-7.319872,39.241543,train,2.9048990284773453,100.0,0.99330490698031
-7.20175,39.329876,train,2.9048990284773453,100.0,0.99330490698031
-7.206345,39.14975,train,0.0031627965469700377,1.191338567606632,0.13907015633854894
-7.204053,39.239814,train,0.006242461690955114,23.63893305183253,0.2417486266800979
-7.093112,39.057853,train,0.0031627965469700377,1.191338567606632,0.13907015633854894
-7.090683,39.147912,train,0.0031627965469700377,1.191338567606632,0.13907015633854894
-7.773771,39.787801,train,Infinity,100.0,NaN
-7.772168,39.877879,train,Infinity,100.0,NaN
-7.770558,39.967955,train,Infinity,100.0,NaN
-7.768941,40.058029,train,Infinity,100.0,NaN
-7.767316,40.148102,train,Infinity,100.0,NaN
-7.655261,39.876582,train,9.229256090362576,100.0,0.9978830138876467
-7.653498,39.966654,train,Infinity,100.0,NaN
-7.651726,40.056724,train,Infinity,100.0,NaN
-7.649947,40.146793,train,Infinity,100.0,NaN
-7.53452,40.055301,train,Infinity,100.0,NaN
-7.532586,40.145365,train,Infinity,100.0,NaN
-7.417322,40.053759,train,Infinity,100.0,NaN
-7.415234,40.143818,train,Infinity,100.0,NaN
-7.180558,40.140368,train,2.9048990284773453,100.0,0.99330490698031
-7.063236,40.138464,train,2.9048990284773453,100.0,0.99330490698031
-8.705694,40.334473,train,Infinity,100.0,NaN
-8.705302,40.424561,train,Infinity,100.0,NaN
-8.587425,40.4242,train,Infinity,100.0,NaN
-8.586319,40.60437,train,Infinity,100.0,NaN
-8.47096,40.243547,train,Infinity,100.0,NaN
-8.469551,40.42372,train,Infinity,100.0,NaN
-8.468842,40.513804,train,Infinity,100.0,NaN
-8.468129,40.603887,train,Infinity,100.0,NaN
-8.353402,40.24295,train,Infinity,100.0,NaN
-8.352543,40.333035,train,Infinity,100.0,NaN
-8.35168,40.423119,train,Infinity,100.0,NaN
-8.350813,40.513201,train,Infinity,100.0,NaN
-8.349942,40.603282,train,Infinity,100.0,NaN
-8.235848,40.242233,train,Infinity,100.0,NaN
-8.234833,40.332316,train,Infinity,100.0,NaN
-8.233813,40.422398,train,Infinity,100.0,NaN
-8.232788,40.512478,train,Infinity,100.0,NaN
-8.231759,40.602556,train,Infinity,100.0,NaN
-8.118298,40.241397,train,Infinity,100.0,NaN
-8.117127,40.331478,train,Infinity,100.0,NaN
-8.11595,40.421556,train,Infinity,100.0,NaN
-8.114768,40.511634,train,Infinity,100.0,NaN
-8.113581,40.60171,train,Infinity,100.0,NaN
-8.000754,40.240442,train,Infinity,100.0,NaN
-7.999426,40.330519,train,Infinity,100.0,NaN
-7.998093,40.420595,train,Infinity,100.0,NaN
-7.996754,40.510669,train,Infinity,100.0,NaN
-7.995408,40.600742,train,Infinity,100.0,NaN
-7.883216,40.239367,train,Infinity,100.0,NaN
-7.881732,40.329441,train,Infinity,100.0,NaN
-7.880242,40.419514,train,Infinity,100.0,NaN
-7.878745,40.509585,train,Infinity,100.0,NaN
-7.877241,40.599654,train,Infinity,100.0,NaN
-8.70128,41.325366,train,Infinity,100.0,NaN
-8.582941,41.144847,train,Infinity,100.0,NaN
-8.581795,41.324994,train,Infinity,100.0,NaN
-8.581218,41.415066,train,Infinity,100.0,NaN
-8.580638,41.505136,train,Infinity,100.0,NaN
-8.463786,41.144354,train,Infinity,100.0,NaN
-8.463051,41.234426,train,Infinity,100.0,NaN
-8.462312,41.324498,train,Infinity,100.0,NaN
-8.46157,41.414568,train,Infinity,100.0,NaN
-8.460825,41.504636,train,Infinity,100.0,NaN
-8.585204,40.784535,train,Infinity,100.0,NaN
-8.584642,40.874615,train,Infinity,100.0,NaN
-8.584078,40.964694,train,Infinity,100.0,NaN
-8.583511,41.054771,train,Infinity,100.0,NaN
-8.467414,40.693968,train,Infinity,100.0,NaN
-8.466695,40.784048,train,Infinity,100.0,NaN
-8.465973,40.874127,train,Infinity,100.0,NaN
-8.465247,40.964204,train,Infinity,100.0,NaN
-8.464518,41.054279,train,Infinity,100.0,NaN
-8.344634,41.143737,train,Infinity,100.0,NaN
-8.343736,41.233808,train,Infinity,100.0,NaN
-8.342833,41.323878,train,Infinity,100.0,NaN
-8.341015,41.504012,train,Infinity,100.0,NaN
-8.225487,41.142998,train,Infinity,100.0,NaN
-8.224425,41.233066,train,Infinity,100.0,NaN
-8.223358,41.323133,train,Infinity,100.0,NaN
-8.222286,41.413199,train,Infinity,100.0,NaN
-8.221209,41.503263,train,Infinity,100.0,NaN
-8.106344,41.142135,train,Infinity,100.0,NaN
-8.105118,41.232201,train,Infinity,100.0,NaN
-8.103887,41.322265,train,Infinity,100.0,NaN
-8.102651,41.412328,train,Infinity,100.0,NaN
-8.101408,41.50239,train,Infinity,100.0,NaN
-7.987206,41.141149,train,Infinity,100.0,NaN
-7.985818,41.231212,train,Infinity,100.0,NaN
-7.984422,41.321273,train,Infinity,100.0,NaN
-7.983021,41.411333,train,Infinity,100.0,NaN
-7.981613,41.501391,train,Infinity,100.0,NaN
-7.868075,41.14004,train,Infinity,100.0,NaN
-7.866523,41.230099,train,Infinity,100.0,NaN
-7.864964,41.320157,train,Infinity,100.0,NaN
-7.863398,41.410213,train,Infinity,100.0,NaN
-7.861824,41.500268,train,Infinity,100.0,NaN
-8.349068,40.693361,train,Infinity,100.0,NaN
-8.348189,40.78344,train,Infinity,100.0,NaN
-8.347306,40.873516,train,Infinity,100.0,NaN
-8.34642,40.963591,train,Infinity,100.0,NaN
-8.345529,41.053665,train,Infinity,100.0,NaN
-8.230726,40.692634,train,Infinity,100.0,NaN
-8.229687,40.782709,train,Infinity,100.0,NaN
-8.228644,40.872784,train,Infinity,100.0,NaN
-8.227597,40.962856,train,Infinity,100.0,NaN
-8.226544,41.052928,train,Infinity,100.0,NaN
-8.112389,40.691784,train,Infinity,100.0,NaN
-8.11119,40.781857,train,Infinity,100.0,NaN
-8.109987,40.871929,train,Infinity,100.0,NaN
-8.108778,40.961999,train,Infinity,100.0,NaN
-8.107564,41.052068,train,Infinity,100.0,NaN
-7.994057,40.690814,train,Infinity,100.0,NaN
-7.992699,40.780884,train,Infinity,100.0,NaN
-7.991335,40.870952,train,Infinity,100.0,NaN
-7.989965,40.961019,train,Infinity,100.0,NaN
-7.988589,41.051085,train,Infinity,100.0,NaN
-7.875731,40.689722,train,Infinity,100.0,NaN
-7.874214,40.779789,train,Infinity,100.0,NaN
-7.872689,40.869854,train,Infinity,100.0,NaN
-7.871158,40.959917,train,Infinity,100.0,NaN
-7.86962,41.049979,train,Infinity,100.0,NaN
-8.697929,42.045908,train,Infinity,100.0,NaN
-8.577103,42.045526,train,Infinity,100.0,NaN
-8.45628,42.045017,train,Infinity,100.0,NaN
-8.819771,41.6859,train,Infinity,100.0,NaN
-8.819519,41.775967,train,Infinity,100.0,NaN
-8.819266,41.866034,train,Infinity,100.0,NaN
-8.819012,41.956099,train,Infinity,100.0,NaN
-8.700038,41.59558,train,Infinity,100.0,NaN
-8.69962,41.685648,train,Infinity,100.0,NaN
-8.6992,41.775715,train,Infinity,100.0,NaN
-8.698778,41.865781,train,Infinity,100.0,NaN
-8.698354,41.955845,train,Infinity,100.0,NaN
-8.580055,41.595204,train,Infinity,100.0,NaN
-8.57947,41.685272,train,Infinity,100.0,NaN
-8.578882,41.775337,train,Infinity,100.0,NaN
-8.578292,41.865402,train,Infinity,100.0,NaN
-8.577699,41.955465,train,Infinity,100.0,NaN
-8.460076,41.594703,train,Infinity,100.0,NaN
-8.459323,41.684769,train,Infinity,100.0,NaN
-8.458568,41.774833,train,Infinity,100.0,NaN
-8.457808,41.864896,train,Infinity,100.0,NaN
-8.457046,41.954957,train,Infinity,100.0,NaN
-8.33546,42.044381,train,Infinity,100.0,NaN
-8.334519,42.134438,train,Infinity,100.0,NaN
-8.214645,42.043618,train,Infinity,100.0,NaN
-8.213533,42.133672,train,Infinity,100.0,NaN
-8.093835,42.042728,train,Infinity,100.0,NaN
-8.340099,41.594077,train,Infinity,100.0,NaN
-8.33918,41.684141,train,Infinity,100.0,NaN
-8.338256,41.774203,train,Infinity,100.0,NaN
-8.337329,41.864264,train,Infinity,100.0,NaN
-8.336396,41.954323,train,Infinity,100.0,NaN
-8.219041,41.683387,train,Infinity,100.0,NaN
-8.217949,41.773447,train,Infinity,100.0,NaN
-8.216853,41.863506,train,Infinity,100.0,NaN
-8.215751,41.953563,train,Infinity,100.0,NaN
-8.10016,41.59245,train,Infinity,100.0,NaN
-8.098907,41.682508,train,Infinity,100.0,NaN
-8.097647,41.772565,train,Infinity,100.0,NaN
-8.096382,41.862621,train,Infinity,100.0,NaN
-8.095111,41.952675,train,Infinity,100.0,NaN
-7.980199,41.591448,train,Infinity,100.0,NaN
-7.978778,41.681504,train,Infinity,100.0,NaN
-7.977351,41.771558,train,Infinity,100.0,NaN
-7.975917,41.86161,train,Infinity,100.0,NaN
-7.860244,41.590321,train,Infinity,100.0,NaN
-7.858656,41.680373,train,Infinity,100.0,NaN
-7.857061,41.770424,train,Infinity,100.0,NaN
-7.855459,41.860473,train,Infinity,100.0,NaN
-7.853849,41.95052,train,Infinity,100.0,NaN
-7.765684,40.238174,train,Infinity,100.0,NaN
-7.764044,40.328244,train,Infinity,100.0,NaN
-7.762398,40.418312,train,Infinity,100.0,NaN
-7.760743,40.508379,train,Infinity,100.0,NaN
-7.759081,40.598445,train,Infinity,100.0,NaN
-7.64816,40.23686,train,Infinity,100.0,NaN
-7.646364,40.326926,train,Infinity,100.0,NaN
-7.644561,40.416991,train,Infinity,100.0,NaN
-7.642749,40.507053,train,Infinity,100.0,NaN
-7.640929,40.597115,train,Infinity,100.0,NaN
-7.530643,40.235428,train,Infinity,100.0,NaN
-7.528692,40.325489,train,Infinity,100.0,NaN
-7.526732,40.415549,train,Infinity,100.0,NaN
-7.524763,40.505607,train,Infinity,100.0,NaN
-7.522785,40.595664,train,Infinity,100.0,NaN
-7.411029,40.323932,train,Infinity,100.0,NaN
-7.408912,40.413987,train,Infinity,100.0,NaN
-7.406785,40.504041,train,Infinity,100.0,NaN
-7.404649,40.594093,train,Infinity,100.0,NaN
-7.295638,40.232205,train,Infinity,100.0,NaN
-7.293375,40.322256,train,Infinity,100.0,NaN
-7.288818,40.502354,train,Infinity,100.0,NaN
-7.286524,40.5924,train,Infinity,100.0,NaN
-7.17815,40.230415,train,9.229256090362576,100.0,0.9978830138876467
-7.175731,40.32046,train,Infinity,100.0,NaN
-7.173301,40.410504,train,Infinity,100.0,NaN
-7.17086,40.500546,train,Infinity,100.0,NaN
-7.060673,40.228505,train,19.869679839332697,100.0,0.9990155663243258
-7.058098,40.318544,train,Infinity,100.0,NaN
-7.055512,40.408582,train,Infinity,100.0,NaN
-6.943208,40.226476,train,2.9048990284773453,100.0,0.99330490698031
-6.940477,40.316509,train,Infinity,100.0,NaN
-6.825755,40.224329,train,19.869679839332697,100.0,0.9990155663243258
-6.822869,40.314355,train,222.23843834923392,100.0,0.9999119057345697
-7.748951,41.138808,train,Infinity,100.0,NaN
-7.747236,41.228863,train,Infinity,100.0,NaN
-7.745513,41.318917,train,Infinity,100.0,NaN
-7.743782,41.408969,train,Infinity,100.0,NaN
-7.742043,41.49902,train,Infinity,100.0,NaN
-7.629835,41.137452,train,Infinity,100.0,NaN
-7.627956,41.227503,train,Infinity,100.0,NaN
-7.626069,41.317553,train,Infinity,100.0,NaN
-7.624174,41.407601,train,Infinity,100.0,NaN
-7.622269,41.497648,train,Infinity,100.0,NaN
-7.504574,41.406108,train,Infinity,100.0,NaN
-7.502504,41.49615,train,Infinity,100.0,NaN
-7.389424,41.224414,train,Infinity,100.0,NaN
-7.384984,41.404492,train,Infinity,100.0,NaN
-7.382749,41.494528,train,Infinity,100.0,NaN
-7.267793,41.312718,train,Infinity,100.0,NaN
-7.263004,41.492782,train,Infinity,100.0,NaN
-7.757412,40.688509,train,Infinity,100.0,NaN
-7.755735,40.778572,train,Infinity,100.0,NaN
-7.754051,40.868633,train,Infinity,100.0,NaN
-7.752358,40.958693,train,Infinity,100.0,NaN
-7.750659,41.048751,train,Infinity,100.0,NaN
-7.639101,40.687175,train,Infinity,100.0,NaN
-7.637264,40.777233,train,Infinity,100.0,NaN
-7.635419,40.86729,train,Infinity,100.0,NaN
-7.633566,40.957346,train,Infinity,100.0,NaN
-7.631705,41.0474,train,Infinity,100.0,NaN
-7.520798,40.685719,train,Infinity,100.0,NaN
-7.518802,40.775773,train,Infinity,100.0,NaN
-7.516797,40.865826,train,Infinity,100.0,NaN
-7.514783,40.955877,train,Infinity,100.0,NaN
-7.512759,41.045926,train,Infinity,100.0,NaN
-7.402504,40.684143,train,Infinity,100.0,NaN
-7.400348,40.774192,train,Infinity,100.0,NaN
-7.398183,40.864239,train,Infinity,100.0,NaN
-7.396008,40.954285,train,Infinity,100.0,NaN
-7.393823,41.044329,train,Infinity,100.0,NaN
-7.281904,40.772489,train,Infinity,100.0,NaN
-7.279579,40.862531,train,Infinity,100.0,NaN
-7.277243,40.952571,train,Infinity,100.0,NaN
-7.148389,41.310858,train,6.253961651546924,100.0,0.9968790104552118
-7.026277,41.398896,train,6.253961651546924,100.0,0.9968790104552118
-6.906732,41.396782,train,0.013439405515911395,47.63161652329987,0.4070195989881126
-6.903836,41.486795,train,6.253961651546924,100.0,0.9968790104552118
-6.79328,41.214529,train,6.253961651546924,100.0,0.9968790104552118
-6.784139,41.48455,train,0.013439405515911395,47.63161652329987,0.4070195989881126
-7.045049,40.768718,train,19.869679839332697,100.0,0.9990155663243258
-7.740296,41.58907,train,Infinity,100.0,NaN
-7.738541,41.679118,train,Infinity,100.0,NaN
-7.736779,41.769164,train,Infinity,100.0,NaN
-7.735008,41.859209,train,Infinity,100.0,NaN
-7.733229,41.949252,train,Infinity,100.0,NaN
-7.620356,41.587693,train,Infinity,100.0,NaN
-7.618435,41.677736,train,Infinity,100.0,NaN
-7.616504,41.767778,train,Infinity,100.0,NaN
-7.614565,41.857819,train,Infinity,100.0,NaN
-7.500425,41.586191,train,Infinity,100.0,NaN
-7.498337,41.67623,train,Infinity,100.0,NaN
-7.494131,41.856303,train,19.869679839332697,100.0,0.9990155663243258
-7.380504,41.584564,train,Infinity,100.0,NaN
-7.378248,41.674597,train,Infinity,100.0,NaN
-7.375982,41.76463,train,Infinity,100.0,NaN
-7.373706,41.85466,train,Infinity,100.0,NaN
-7.260592,41.582812,train,19.869679839332697,100.0,0.9990155663243258
-7.25817,41.67284,train,Infinity,100.0,NaN
-7.255737,41.762867,train,Infinity,100.0,NaN
-7.253292,41.852892,train,Infinity,100.0,NaN
-7.127628,42.031031,train,Infinity,100.0,NaN
-6.765479,42.024549,train,Infinity,100.0,NaN
-7.140692,41.580935,train,6.253961651546924,100.0,0.9968790104552118
-7.135502,41.760978,train,19.869679839332697,100.0,0.9990155663243258
-7.13289,41.850997,train,19.869679839332697,100.0,0.9990155663243258
-7.130265,41.941014,train,Infinity,100.0,NaN
-7.020803,41.578933,train,6.253961651546924,100.0,0.9968790104552118
-7.018048,41.668949,train,6.253961651546924,100.0,0.9968790104552118
-7.015279,41.758963,train,6.253961651546924,100.0,0.9968790104552118
-7.012499,41.848976,train,222.23843834923392,100.0,0.9999119057345697
-7.009705,41.938987,train,Infinity,100.0,NaN
-6.900927,41.576806,train,6.253961651546924,100.0,0.9968790104552118
-6.898005,41.666815,train,69.94932390327139,100.0,0.999720166304801
-6.895069,41.756823,train,222.23843834923392,100.0,0.9999119057345697
-6.89212,41.846829,train,69.94932390327139,100.0,0.999720166304801
-6.889158,41.936833,train,222.23843834923392,100.0,0.9999119057345697
-6.781064,41.574554,train,0.013439405515911395,47.63161652329987,0.4070195989881126
-6.777976,41.664556,train,69.94932390327139,100.0,0.999720166304801
-6.774873,41.754557,train,69.94932390327139,100.0,0.999720166304801
-6.771756,41.844556,train,69.94932390327139,100.0,0.999720166304801
-6.768624,41.934553,train,Infinity,100.0,NaN
-6.651405,41.842157,train,0.15031709208951882,100.0,0.8847555532609745
-6.648105,41.932146,train,0.15031709208951882,100.0,0.8847555532609745
-6.53796,41.659663,train,0.013439405515911395,47.63161652329987,0.4070195989881126
-6.53107,41.839632,train,0.15031709208951882,100.0,0.8847555532609745
-6.527601,41.929613,train,0.15031709208951882,100.0,0.8847555532609745
